wastewater_treatment_plant.name,collection_date,target,assay,replicate_id,total_droplets,positive_droplets,gc_per_lww,dilution
ARA Werdhoelzli,2022-09-12,IAV-M,RESPV4,1,23020,0,-0,3
ARA Werdhoelzli,2022-09-16,IAV-M,RESPV4,1,17672,2,6542.184,3
ARA Werdhoelzli,2022-09-16,IAV-M,RESPV4,2,25313,0,-0,3
ARA Werdhoelzli,2022-09-19,IAV-M,RESPV4,1,26857,0,-0,3
ARA Werdhoelzli,2022-09-19,IAV-M,RESPV4,2,27886,1,2072.8862,3
ARA Werdhoelzli,2022-09-23,IAV-M,RESPV4,1,25637,0,-0,3
ARA Werdhoelzli,2022-09-23,IAV-M,RESPV4,2,27471,1,2104.2014,3
ARA Werdhoelzli,2022-09-26,IAV-M,RESPV4,1,27193,2,4251.5054,3
ARA Werdhoelzli,2022-09-26,IAV-M,RESPV4,2,27598,1,2094.5183,3
ARA Werdhoelzli,2022-09-30,IAV-M,RESPV4,1,28734,0,-0,3
ARA Werdhoelzli,2022-09-30,IAV-M,RESPV4,2,28095,1,2057.4658,3
ARA Werdhoelzli,2022-10-03,IAV-M,RESPV4,1,27769,0,-0,3
ARA Werdhoelzli,2022-10-03,IAV-M,RESPV4,2,28180,1,2051.2595,3
ARA Werdhoelzli,2022-10-07,IAV-M,RESPV4,1,28797,3,6022.1353,3
ARA Werdhoelzli,2022-10-07,IAV-M,RESPV4,2,27681,3,6264.9404,3
ARA Werdhoelzli,2022-10-10,IAV-M,RESPV4,1,26752,1,2160.7563,3
ARA Werdhoelzli,2022-10-10,IAV-M,RESPV4,2,25284,1,2286.2131,3
ARA Werdhoelzli,2022-10-17,IAV-M,RESPV4,1,28316,0,-0,3
ARA Werdhoelzli,2022-10-17,IAV-M,RESPV4,2,27732,1,2084.3975,3
ARA Werdhoelzli,2022-10-20,IAV-M,RESPV4,1,27427,0,-0,3
ARA Werdhoelzli,2022-10-20,IAV-M,RESPV4,2,28029,1,2062.3105,3
ARA Werdhoelzli,2022-10-24,IAV-M,RESPV4,1,28116,0,-0,3
ARA Werdhoelzli,2022-10-24,IAV-M,RESPV4,2,25633,0,-0,3
ARA Werdhoelzli,2022-10-27,IAV-M,RESPV4,1,28681,5,10077.841,3
ARA Werdhoelzli,2022-10-27,IAV-M,RESPV4,2,27669,4,8357.027,3
ARA Werdhoelzli,2022-10-30,IAV-M,RESPV4,1,27498,2,4204.3477,3
ARA Werdhoelzli,2022-10-30,IAV-M,RESPV4,2,27920,0,-0,3
ARA Werdhoelzli,2022-10-31,IAV-M,RESPV4,1,25385,3,6831.6196,3
ARA Werdhoelzli,2022-10-31,IAV-M,RESPV4,2,26218,1,2204.7666,3
ARA Werdhoelzli,2022-11-01,IAV-M,RESPV4,1,25267,2,4575.5933000000005,3
ARA Werdhoelzli,2022-11-01,IAV-M,RESPV4,2,26450,2,4370.938,3
ARA Werdhoelzli,2022-11-02,IAV-M,RESPV4,1,25768,3,6730.0723,3
ARA Werdhoelzli,2022-11-02,IAV-M,RESPV4,2,26917,2,4295.101,3
ARA Werdhoelzli,2022-11-03,IAV-M,RESPV4,1,25692,1,2249.9065,3
ARA Werdhoelzli,2022-11-03,IAV-M,RESPV4,2,27345,3,6341.924,3
ARA Werdhoelzli,2022-11-04,IAV-M,RESPV4,1,21984,0,-0,3
ARA Werdhoelzli,2022-11-04,IAV-M,RESPV4,2,23917,1,2416.8867,3
ARA Werdhoelzli,2022-11-05,IAV-M,RESPV4,1,22420,0,-0,3
ARA Werdhoelzli,2022-11-05,IAV-M,RESPV4,2,23620,3,7342.143,3
ARA Werdhoelzli,2022-11-06,IAV-M,RESPV4,1,24766,4,9336.693,3
ARA Werdhoelzli,2022-11-06,IAV-M,RESPV4,2,23447,6,14793.585,3
ARA Werdhoelzli,2022-11-08,IAV-M,RESPV4,1,16145,0,-0,3
ARA Werdhoelzli,2022-11-08,IAV-M,RESPV4,2,24970,3,6945.167,3
ARA Werdhoelzli,2022-11-10,IAV-M,RESPV4,1,22910,1,2523.1223,3
ARA Werdhoelzli,2022-11-12,IAV-M,RESPV4,1,22516,0,-0,3
ARA Werdhoelzli,2022-11-13,IAV-M,RESPV4,1,15392,1,3755.545,3
ARA Werdhoelzli,2022-11-13,IAV-M,RESPV4,2,22117,5,13069.133,3
ARA Werdhoelzli,2022-11-14,IAV-M,RESPV4,1,27015,6,12839.509,3
ARA Werdhoelzli,2022-11-14,IAV-M,RESPV4,2,26730,5,10813.482,3
ARA Werdhoelzli,2022-11-15,IAV-M,RESPV4,1,21351,2,5414.8447,3
ARA Werdhoelzli,2022-11-17,IAV-M,RESPV4,1,27299,3,6352.6113,3
ARA Werdhoelzli,2022-11-17,IAV-M,RESPV4,2,26665,2,4335.694,3
ARA Werdhoelzli,2022-11-19,IAV-M,RESPV4,1,26258,1,2201.408,3
ARA Werdhoelzli,2022-11-19,IAV-M,RESPV4,2,24356,2,4746.743,3
ARA Werdhoelzli,2022-11-20,IAV-M,RESPV4,1,27507,4,8406.249,3
ARA Werdhoelzli,2022-11-20,IAV-M,RESPV4,2,25586,6,13556.69,3
ARA Werdhoelzli,2022-11-21,IAV-M,RESPV4,1,27816,2,4156.2803,3
ARA Werdhoelzli,2022-11-21,IAV-M,RESPV4,2,29025,3,5974.8276,3
ARA Werdhoelzli,2022-11-22,IAV-M,RESPV4,1,26899,5,10745.537,3
ARA Werdhoelzli,2022-11-22,IAV-M,RESPV4,2,26185,2,4415.175,3
ARA Werdhoelzli,2022-11-24,IAV-M,RESPV4,1,28635,8,16151.295,3
ARA Werdhoelzli,2022-11-24,IAV-M,RESPV4,2,28135,10,20548.691,3
ARA Werdhoelzli,2022-11-26,IAV-M,RESPV4,1,27775,6,12488.147,3
ARA Werdhoelzli,2022-11-26,IAV-M,RESPV4,2,28207,18,36898.45,3
ARA Werdhoelzli,2022-11-27,IAV-M,RESPV4,1,25386,6,13663.508,3
ARA Werdhoelzli,2022-11-28,IAV-M,RESPV4,1,28958,11,21961.426,3
ARA Werdhoelzli,2022-11-28,IAV-M,RESPV4,2,28567,16,32384.03,3
ARA Werdhoelzli,2022-11-29,IAV-M,RESPV4,1,27535,14,29397.29,3
ARA Werdhoelzli,2022-12-01,IAV-M,RESPV4,1,29233,15,29667.654,3
ARA Werdhoelzli,2022-12-01,IAV-M,RESPV4,2,27152,13,27682.125,3
ARA Werdhoelzli,2022-12-03,IAV-M,RESPV4,1,28965,26,51909.723,3
ARA Werdhoelzli,2022-12-03,IAV-M,RESPV4,2,28175,32,65688.1,3
ARA Werdhoelzli,2022-12-04,IAV-M,RESPV4,1,29710,34,66187.93,3
ARA Werdhoelzli,2022-12-04,IAV-M,RESPV4,2,27787,26,54111.41,3
ARA Werdhoelzli,2022-12-05,IAV-M,RESPV4,1,27186,24,51051.863,3
ARA Werdhoelzli,2022-12-05,IAV-M,RESPV4,2,28438,27,54906.64,3
ARA Werdhoelzli,2022-12-06,IAV-M,RESPV4,1,25853,50,111900.81,3
ARA Werdhoelzli,2022-12-06,IAV-M,RESPV4,2,28106,36,74085.914,3
ARA Werdhoelzli,2022-12-08,IAV-M,RESPV4,1,27471,39,82120.67,3
ARA Werdhoelzli,2022-12-08,IAV-M,RESPV4,2,27744,31,64623.32,3
ARA Werdhoelzli,2022-12-10,IAV-M,RESPV4,1,26037,40,88870.33,3
ARA Werdhoelzli,2022-12-10,IAV-M,RESPV4,2,28079,41,84464.336,3
ARA Werdhoelzli,2022-12-11,IAV-M,RESPV4,1,27997,67,138496.06,3
ARA Werdhoelzli,2022-12-11,IAV-M,RESPV4,2,28884,78,156306.92,3
ARA Werdhoelzli,2022-12-12,IAV-M,RESPV4,1,28847,87,174593.55,3
ARA Werdhoelzli,2022-12-12,IAV-M,RESPV4,2,27540,78,163945.8,3
ARA Werdhoelzli,2022-12-13,IAV-M,RESPV4,1,25474,107,243306.8,3
ARA Werdhoelzli,2022-12-13,IAV-M,RESPV4,2,27921,93,192854.67,3
ARA Werdhoelzli,2022-12-15,IAV-M,RESPV4,1,27419,51,107615.96,3
ARA Werdhoelzli,2022-12-15,IAV-M,RESPV4,2,28510,41,83186.53,3
ARA Werdhoelzli,2022-12-17,IAV-M,RESPV4,1,29184,92,182508.19,3
ARA Werdhoelzli,2022-12-17,IAV-M,RESPV4,2,27952,85,176043.95,3
ARA Werdhoelzli,2022-12-18,IAV-M,RESPV4,1,25726,94,211594.38,3
ARA Werdhoelzli,2022-12-18,IAV-M,RESPV4,2,24995,104,241012.28,3
ARA Werdhoelzli,2022-12-19,IAV-M,RESPV4,1,28363,147,300363.34,3
ARA Werdhoelzli,2022-12-19,IAV-M,RESPV4,2,29554,121,237144.78,3
ARA Werdhoelzli,2022-12-20,IAV-M,RESPV4,1,27672,122,255406.72,3
ARA Werdhoelzli,2022-12-20,IAV-M,RESPV4,2,28983,138,275883.44,3
ARA Werdhoelzli,2022-12-22,IAV-M,RESPV4,1,27339,84,177876.52,3
ARA Werdhoelzli,2022-12-22,IAV-M,RESPV4,2,28075,83,171141.36,3
ARA Werdhoelzli,2022-12-24,IAV-M,RESPV4,1,26707,37,80136.72,3
ARA Werdhoelzli,2022-12-24,IAV-M,RESPV4,2,27566,43,90237.6,3
ARA Werdhoelzli,2022-12-25,IAV-M,RESPV4,1,29368,66,130050.48,3
ARA Werdhoelzli,2022-12-25,IAV-M,RESPV4,2,27578,78,163719.58,3
ARA Werdhoelzli,2022-12-26,IAV-M,RESPV4,1,28473,35,71097.734,3
ARA Werdhoelzli,2022-12-26,IAV-M,RESPV4,2,27840,26,54008.348,3
ARA Werdhoelzli,2022-12-27,IAV-M,RESPV4,1,24071,27,64873.48,3
ARA Werdhoelzli,2022-12-27,IAV-M,RESPV4,2,23313,29,71948.875,3
ARA Werdhoelzli,2022-12-29,IAV-M,RESPV4,1,27604,49,102698.41,3
ARA Werdhoelzli,2022-12-29,IAV-M,RESPV4,2,28737,34,68430.3,3
ARA Werdhoelzli,2022-12-31,IAV-M,RESPV4,1,27881,24,49778.727,3
ARA Werdhoelzli,2022-12-31,IAV-M,RESPV4,2,26771,19,41039.027,3
ARA Werdhoelzli,2023-01-01,IAV-M,RESPV4,1,28895,45,90091.15,3
ARA Werdhoelzli,2023-01-01,IAV-M,RESPV4,2,28030,36,74286.92,3
ARA Werdhoelzli,2023-01-02,IAV-M,RESPV4,1,29346,23,45321.375,3
ARA Werdhoelzli,2023-01-02,IAV-M,RESPV4,2,27782,24,49956.188,3
ARA Werdhoelzli,2023-01-03,IAV-M,RESPV4,1,26836,25,53873.91,3
ARA Werdhoelzli,2023-01-03,IAV-M,RESPV4,2,19561,23,68005.83,3
ARA Werdhoelzli,2023-01-05,IAV-M,RESPV4,1,27319,14,29629.781,3
ARA Werdhoelzli,2023-01-05,IAV-M,RESPV4,2,28419,16,32552.727,3
ARA Werdhoelzli,2023-01-07,IAV-M,RESPV4,1,28447,8,16258.051,3
ARA Werdhoelzli,2023-01-07,IAV-M,RESPV4,2,28214,13,26639.904,3
ARA Werdhoelzli,2023-01-08,IAV-M,RESPV4,1,26532,12,26149.5,3
ARA Werdhoelzli,2023-01-08,IAV-M,RESPV4,2,28233,6,12285.541,3
ARA Werdhoelzli,2023-01-09,IAV-M,RESPV4,1,25924,5,11149.715,3
ARA Werdhoelzli,2023-01-09,IAV-M,RESPV4,2,26626,2,4342.0444,3
ARA Werdhoelzli,2023-01-10,IAV-M,RESPV4,1,27390,13,27441.53,3
ARA Werdhoelzli,2023-01-10,IAV-M,RESPV4,2,24168,16,38280.445,3
ARA Werdhoelzli,2023-01-10,IAV-M,RESPV4,3,27293,13,27539.08,3
ARA Werdhoelzli,2023-01-10,IAV-M,RESPV4,4,27968,16,33077.81,3
ARA Werdhoelzli,2023-01-12,IAV-M,RESPV4,1,25518,9,20390.43,3
ARA Werdhoelzli,2023-01-12,IAV-M,RESPV4,2,24687,8,18734.664,3
ARA Werdhoelzli,2023-01-12,IAV-M,RESPV4,3,26343,12,26337.154,3
ARA Werdhoelzli,2023-01-13,IAV-M,RESPV4,1,26785,8,17267.008,3
ARA Werdhoelzli,2023-01-13,IAV-M,RESPV4,2,26828,11,23705.402,3
ARA Werdhoelzli,2023-01-14,IAV-M,RESPV4,1,27013,3,6419.873,3
ARA Werdhoelzli,2023-01-14,IAV-M,RESPV4,2,26087,7,15512.652,3
ARA Werdhoelzli,2023-01-14,IAV-M,RESPV4,3,22737,12,30515.227,3
ARA Werdhoelzli,2023-01-15,IAV-M,RESPV4,1,28134,2,4109.3003,3
ARA Werdhoelzli,2023-01-16,IAV-M,RESPV4,1,24660,6,14065.815,3
ARA Werdhoelzli,2023-01-16,IAV-M,RESPV4,2,21425,10,26985.748,3
ARA Werdhoelzli,2023-01-17,IAV-M,RESPV4,1,20239,105,300665.2,3
ARA Werdhoelzli,2023-01-17,IAV-M,RESPV4,2,20007,133,385541.47,3
ARA Werdhoelzli,2023-01-19,IAV-M,RESPV4,1,21743,6,15953.119,3
ARA Werdhoelzli,2023-01-19,IAV-M,RESPV4,2,19487,6,17800.29,3
ARA Werdhoelzli,2023-01-21,IAV-M,RESPV4,1,17264,8,26791.875,3
ARA Werdhoelzli,2023-01-21,IAV-M,RESPV4,2,19530,12,35527.64,3
ARA Werdhoelzli,2023-01-22,IAV-M,RESPV4,1,23342,18,44591.887,3
ARA Werdhoelzli,2023-01-22,IAV-M,RESPV4,2,23652,8,19554.625,3
ARA Werdhoelzli,2023-01-23,IAV-M,RESPV4,1,29386,13,25577.191,3
ARA Werdhoelzli,2023-01-23,IAV-M,RESPV4,2,27205,8,17000.395,3
ARA Werdhoelzli,2023-01-24,IAV-M,RESPV4,1,23688,15,36614.6,3
ARA Werdhoelzli,2023-01-24,IAV-M,RESPV4,2,27794,17,35365.89,3
ARA Werdhoelzli,2023-01-26,IAV-M,RESPV4,1,26720,7,15145.107,3
ARA Werdhoelzli,2023-01-26,IAV-M,RESPV4,2,25344,8,18248.924,3
ARA Werdhoelzli,2023-01-28,IAV-M,RESPV4,1,24967,14,32421.816,3
ARA Werdhoelzli,2023-01-28,IAV-M,RESPV4,2,26522,9,19618.412,3
ARA Werdhoelzli,2023-01-29,IAV-M,RESPV4,1,26598,7,15214.586,3
ARA Werdhoelzli,2023-01-29,IAV-M,RESPV4,2,27689,12,25056.592,3
ARA Werdhoelzli,2023-01-30,IAV-M,RESPV4,1,26925,13,27915.564,3
ARA Werdhoelzli,2023-01-30,IAV-M,RESPV4,2,27295,14,29655.84,3
ARA Werdhoelzli,2023-01-31,IAV-M,RESPV4,1,27142,20,42609.074,3
ARA Werdhoelzli,2023-01-31,IAV-M,RESPV4,2,27342,20,42297.285,3
ARA Werdhoelzli,2023-02-02,IAV-M,RESPV4,1,26814,13,28031.15,3
ARA Werdhoelzli,2023-02-02,IAV-M,RESPV4,2,27526,10,21003.404,3
ARA Werdhoelzli,2023-02-04,IAV-M,RESPV4,1,23795,16,38880.715,3
ARA Werdhoelzli,2023-02-04,IAV-M,RESPV4,2,23331,9,22302.154,3
ARA Werdhoelzli,2023-02-05,IAV-M,RESPV4,1,27826,10,20776.92,3
ARA Werdhoelzli,2023-02-05,IAV-M,RESPV4,2,26715,8,17312.26,3
ARA Werdhoelzli,2023-02-13,IAV-M,RESPV4,1,26604,9,19557.934,3
ARA Werdhoelzli,2023-02-13,IAV-M,RESPV4,2,25416,6,13647.378,3
ARA Werdhoelzli,2023-02-14,IAV-M,RESPV4,1,26442,7,15304.359,3
ARA Werdhoelzli,2023-02-14,IAV-M,RESPV4,2,26561,20,43541.465,3
ARA Werdhoelzli,2023-02-16,IAV-M,RESPV4,1,26889,7,15049.907,3
ARA Werdhoelzli,2023-02-16,IAV-M,RESPV4,2,28085,4,8233.232,3
ARA Werdhoelzli,2023-02-18,IAV-M,RESPV4,1,26701,8,17321.338,3
ARA Werdhoelzli,2023-02-18,IAV-M,RESPV4,2,27638,4,8366.401,3
ARA Werdhoelzli,2023-02-19,IAV-M,RESPV4,1,24939,116,269491.38,3
ARA Werdhoelzli,2023-02-19,IAV-M,RESPV4,2,27305,95,201461.44,3
ARA Werdhoelzli,2023-02-20,IAV-M,RESPV4,1,26633,14,30393.172,3
ARA Werdhoelzli,2023-02-20,IAV-M,RESPV4,2,27025,15,32092.238,3
ARA Werdhoelzli,2023-02-21,IAV-M,RESPV4,1,26824,12,25864.78,3
ARA Werdhoelzli,2023-02-21,IAV-M,RESPV4,2,27214,7,14870.152,3
ARA Werdhoelzli,2023-02-23,IAV-M,RESPV4,1,27655,8,16723.727,3
ARA Werdhoelzli,2023-02-23,IAV-M,RESPV4,2,25749,2,4489.939,3
ARA Werdhoelzli,2023-02-25,IAV-M,RESPV4,1,27388,4,8442.776,3
ARA Werdhoelzli,2023-02-25,IAV-M,RESPV4,2,23660,1,2443.14,3
ARA Werdhoelzli,2023-02-26,IAV-M,RESPV4,1,27515,18,37826.746,3
ARA Werdhoelzli,2023-02-26,IAV-M,RESPV4,2,26217,11,24257.984,3
ARA Werdhoelzli,2023-02-27,IAV-M,RESPV4,1,28248,9,18419.504,3
ARA Werdhoelzli,2023-02-27,IAV-M,RESPV4,2,25637,4,9019.461,3
ARA Werdhoelzli,2023-02-28,IAV-M,RESPV4,1,25683,6,13505.483,3
ARA Werdhoelzli,2023-02-28,IAV-M,RESPV4,2,27769,8,16655.06,3
ARA Werdhoelzli,2023-03-02,IAV-M,RESPV4,1,26362,9,19737.502,3
ARA Werdhoelzli,2023-03-02,IAV-M,RESPV4,2,25637,5,11274.546,3
ARA Werdhoelzli,2023-03-04,IAV-M,RESPV4,1,27397,7,14770.813,3
ARA Werdhoelzli,2023-03-04,IAV-M,RESPV4,2,25475,3,6807.483,3
ARA Werdhoelzli,2023-03-05,IAV-M,RESPV4,1,28969,14,27941.736,3
ARA Werdhoelzli,2023-03-05,IAV-M,RESPV4,2,25838,8,17899.967,3
ARA Werdhoelzli,2023-03-06,IAV-M,RESPV4,1,27147,6,12777.071,3
ARA Werdhoelzli,2023-03-07,IAV-M,RESPV4,1,27449,5,10530.208,3
ARA Werdhoelzli,2023-03-07,IAV-M,RESPV4,2,27090,13,27745.494,3
ARA Werdhoelzli,2023-03-09,IAV-M,RESPV4,1,26027,11,24435.107,3
ARA Werdhoelzli,2023-03-09,IAV-M,RESPV4,2,26499,4,8726.039,3
ARA Werdhoelzli,2023-03-11,IAV-M,RESPV4,1,27011,3,6420.3486,3
ARA Werdhoelzli,2023-03-11,IAV-M,RESPV4,2,26167,4,8836.762,3
ARA Werdhoelzli,2023-03-12,IAV-M,RESPV4,1,27278,10,21194.395,3
ARA Werdhoelzli,2023-03-12,IAV-M,RESPV4,2,26444,8,17489.703,3
ARA Werdhoelzli,2023-03-20,IAV-M,RESPV4,1,27270,0,-0,3
ARA Werdhoelzli,2023-03-20,IAV-M,RESPV4,2,23697,2,4878.753,3
ARA Werdhoelzli,2023-03-21,IAV-M,RESPV4,1,26909,3,6444.6865,3
ARA Werdhoelzli,2023-03-23,IAV-M,RESPV4,1,28737,1,2011.5001,3
ARA Werdhoelzli,2023-03-23,IAV-M,RESPV4,2,27543,2,4197.478,3
ARA Werdhoelzli,2023-03-25,IAV-M,RESPV4,1,27888,1,2072.7375,3
ARA Werdhoelzli,2023-03-25,IAV-M,RESPV4,2,15896,1,3636.4675,3
ARA Werdhoelzli,2023-03-26,IAV-M,RESPV4,1,27582,1,2095.7334,3
ARA Werdhoelzli,2023-03-26,IAV-M,RESPV4,2,28385,4,8146.2104,3
ARA Werdhoelzli,2023-03-27,IAV-M,RESPV4,1,26961,3,6432.256,3
ARA Werdhoelzli,2023-03-27,IAV-M,RESPV4,2,27650,1,2090.579,3
ARA Werdhoelzli,2023-03-28,IAV-M,RESPV4,1,26712,0,-0,3
ARA Werdhoelzli,2023-03-28,IAV-M,RESPV4,2,28220,1,2048.352,3
ARA Werdhoelzli,2023-03-30,IAV-M,RESPV4,1,27482,2,4206.795,3
ARA Werdhoelzli,2023-03-30,IAV-M,RESPV4,2,27453,0,-0,3
ARA Werdhoelzli,2023-04-01,IAV-M,RESPV4,1,27221,0,-0,3
ARA Werdhoelzli,2023-04-01,IAV-M,RESPV4,2,27675,0,-0,3
ARA Werdhoelzli,2023-04-01,IAV-M,RESPV4,3,27642,1,2091.1843,3
ARA Werdhoelzli,2023-04-01,IAV-M,RESPV4,4,27728,0,-0,3
ARA Werdhoelzli,2023-04-02,IAV-M,RESPV4,1,26613,0,-0,3
ARA Werdhoelzli,2023-04-02,IAV-M,RESPV4,2,28641,0,-0,3
ARA Werdhoelzli,2023-04-02,IAV-M,RESPV4,3,27030,2,4277.1445,3
ARA Werdhoelzli,2023-04-02,IAV-M,RESPV4,4,27672,2,4177.9097,3
ARA Werdhoelzli,2023-04-03,IAV-M,RESPV4,1,26579,0,-0,3
ARA Werdhoelzli,2023-04-03,IAV-M,RESPV4,2,27456,2,4210.779,3
ARA Werdhoelzli,2023-04-04,IAV-M,RESPV4,1,26917,0,-0,3
ARA Werdhoelzli,2023-04-04,IAV-M,RESPV4,2,27549,1,2098.244,3
ARA Werdhoelzli,2023-04-06,IAV-M,RESPV4,1,28320,0,-0,3
ARA Werdhoelzli,2023-04-06,IAV-M,RESPV4,2,27626,1,2092.3955,3
ARA Werdhoelzli,2023-04-08,IAV-M,RESPV4,1,27728,1,2084.6982,3
ARA Werdhoelzli,2023-04-08,IAV-M,RESPV4,2,28181,4,8205.184,3
ARA Werdhoelzli,2023-04-09,IAV-M,RESPV4,1,26855,1,2152.4688,3
ARA Werdhoelzli,2023-04-09,IAV-M,RESPV4,2,27407,1,2109.1152,3
ARA Werdhoelzli,2023-04-10,IAV-M,RESPV4,1,26565,3,6528.146,3
ARA Werdhoelzli,2023-04-10,IAV-M,RESPV4,2,25053,1,2307.2935,3
ARA Werdhoelzli,2023-04-11,IAV-M,RESPV4,1,26844,0,-0,3
ARA Werdhoelzli,2023-04-11,IAV-M,RESPV4,2,28589,0,-0,3
ARA Werdhoelzli,2023-04-13,IAV-M,RESPV4,1,28531,1,2026.0238,3
ARA Werdhoelzli,2023-04-13,IAV-M,RESPV4,2,27406,0,-0,3
ARA Werdhoelzli,2023-04-15,IAV-M,RESPV4,1,27199,1,2125.2446,3
ARA Werdhoelzli,2023-04-15,IAV-M,RESPV4,2,26791,0,-0,3
ARA Werdhoelzli,2023-04-16,IAV-M,RESPV4,1,27213,1,2124.1514,3
ARA Werdhoelzli,2023-04-16,IAV-M,RESPV4,2,27882,1,2073.1836,3
ARA Werdhoelzli,2023-04-17,IAV-M,RESPV4,1,25977,1,2225.2217,3
ARA Werdhoelzli,2023-04-17,IAV-M,RESPV4,2,27752,0,-0,3
ARA Werdhoelzli,2023-04-18,IAV-M,RESPV4,1,27400,0,-0,3
ARA Werdhoelzli,2023-04-18,IAV-M,RESPV4,2,28486,0,-0,3
ARA Werdhoelzli,2023-04-20,IAV-M,RESPV4,1,26916,0,-0,3
ARA Werdhoelzli,2023-04-20,IAV-M,RESPV4,2,26997,0,-0,3
ARA Werdhoelzli,2023-04-22,IAV-M,RESPV4,1,27424,0,-0,3
ARA Werdhoelzli,2023-04-22,IAV-M,RESPV4,2,27508,1,2101.3713,3
ARA Werdhoelzli,2023-04-23,IAV-M,RESPV4,1,27942,0,-0,3
ARA Werdhoelzli,2023-04-23,IAV-M,RESPV4,2,26753,1,2160.6753,3
ARA Werdhoelzli,2023-04-24,IAV-M,RESPV4,1,27878,0,-0,3
ARA Werdhoelzli,2023-04-24,IAV-M,RESPV4,2,18699,0,-0,3
ARA Werdhoelzli,2023-04-25,IAV-M,RESPV4,1,27165,0,-0,3
ARA Werdhoelzli,2023-04-25,IAV-M,RESPV4,2,25045,1,2308.0303,3
ARA Werdhoelzli,2023-04-27,IAV-M,RESPV4,1,28123,0,-0,3
ARA Werdhoelzli,2023-04-27,IAV-M,RESPV4,2,28846,0,-0,3
ARA Werdhoelzli,2023-04-29,IAV-M,RESPV4,1,27797,1,2079.5234,3
ARA Werdhoelzli,2023-04-29,IAV-M,RESPV4,2,26452,0,-0,3
ARA Werdhoelzli,2023-04-30,IAV-M,RESPV4,1,28505,1,2027.8716,3
ARA Werdhoelzli,2023-04-30,IAV-M,RESPV4,2,27571,4,8386.733,3
ARA Werdhoelzli,2023-05-04,IAV-M,RESPV4,1,27703,0,-0,3
ARA Werdhoelzli,2023-05-04,IAV-M,RESPV4,2,28647,2,4035.7097,3
ARA Werdhoelzli,2023-05-06,IAV-M,RESPV4,1,27369,0,-0,3
ARA Werdhoelzli,2023-05-06,IAV-M,RESPV4,2,24911,0,-0,3
ARA Werdhoelzli,2023-05-07,IAV-M,RESPV4,1,27406,2,4218.4614,3
ARA Werdhoelzli,2023-05-07,IAV-M,RESPV4,2,26784,0,-0,3
ARA Werdhoelzli,2023-05-08,IAV-M,RESPV4,1,24748,0,-0,3
ARA Werdhoelzli,2023-05-08,IAV-M,RESPV4,2,21696,0,-0,3
ARA Werdhoelzli,2023-05-09,IAV-M,RESPV4,1,26424,0,-0,3
ARA Werdhoelzli,2023-05-09,IAV-M,RESPV4,2,25779,0,-0,3
ARA Werdhoelzli,2023-05-11,IAV-M,RESPV4,1,28102,0,-0,3
ARA Werdhoelzli,2023-05-11,IAV-M,RESPV4,2,28585,0,-0,3
ARA Werdhoelzli,2023-05-13,IAV-M,RESPV4,1,27798,0,-0,3
ARA Werdhoelzli,2023-05-13,IAV-M,RESPV4,2,28158,0,-0,3
ARA Werdhoelzli,2023-05-14,IAV-M,RESPV4,1,28718,0,-0,3
ARA Werdhoelzli,2023-05-14,IAV-M,RESPV4,2,27545,0,-0,3
ARA Werdhoelzli,2023-05-15,IAV-M,RESPV4,1,27797,0,-0,3
ARA Werdhoelzli,2023-05-15,IAV-M,RESPV4,2,27267,0,-0,3
ARA Werdhoelzli,2023-05-16,IAV-M,RESPV4,1,27079,0,-0,3
ARA Werdhoelzli,2023-05-16,IAV-M,RESPV4,2,28747,0,-0,3
ARA Werdhoelzli,2023-05-18,IAV-M,RESPV4,1,28628,0,-0,3
ARA Werdhoelzli,2023-05-18,IAV-M,RESPV4,2,27822,0,-0,3
ARA Werdhoelzli,2023-05-20,IAV-M,RESPV4,1,28120,0,-0,3
ARA Werdhoelzli,2023-05-20,IAV-M,RESPV4,2,27445,0,-0,3
ARA Werdhoelzli,2023-05-21,IAV-M,RESPV4,1,27493,0,-0,3
ARA Werdhoelzli,2023-05-21,IAV-M,RESPV4,2,28686,0,-0,3
ARA Werdhoelzli,2023-05-22,IAV-M,RESPV4,1,27862,0,-0,3
ARA Werdhoelzli,2023-05-22,IAV-M,RESPV4,2,25629,1,2255.4373,3
ARA Werdhoelzli,2023-05-23,IAV-M,RESPV4,1,27274,0,-0,3
ARA Werdhoelzli,2023-05-23,IAV-M,RESPV4,2,28789,0,-0,3
ARA Werdhoelzli,2023-05-25,IAV-M,RESPV4,1,28621,0,-0,3
ARA Werdhoelzli,2023-05-25,IAV-M,RESPV4,2,27993,0,-0,3
ARA Werdhoelzli,2023-05-27,IAV-M,RESPV4,1,28038,0,-0,3
ARA Werdhoelzli,2023-05-27,IAV-M,RESPV4,2,27694,0,-0,3
ARA Werdhoelzli,2023-05-28,IAV-M,RESPV4,1,26962,0,-0,3
ARA Werdhoelzli,2023-05-28,IAV-M,RESPV4,2,28408,0,-0,3
ARA Werdhoelzli,2023-05-29,IAV-M,RESPV4,1,27022,2,4278.4106,3
ARA Werdhoelzli,2023-05-29,IAV-M,RESPV4,2,27790,0,-0,3
ARA Werdhoelzli,2023-05-30,IAV-M,RESPV4,1,26925,0,-0,3
ARA Werdhoelzli,2023-05-30,IAV-M,RESPV4,2,25653,1,2253.327,3
ARA Werdhoelzli,2023-06-01,IAV-M,RESPV4,1,27429,0,-0,3
ARA Werdhoelzli,2023-06-01,IAV-M,RESPV4,2,29134,0,-0,3
ARA Werdhoelzli,2023-06-03,IAV-M,RESPV4,1,27498,0,-0,3
ARA Werdhoelzli,2023-06-03,IAV-M,RESPV4,2,27566,0,-0,3
ARA Werdhoelzli,2023-06-04,IAV-M,RESPV4,1,27605,0,-0,3
ARA Werdhoelzli,2023-06-04,IAV-M,RESPV4,2,28875,2,4003.842,3
ARA Werdhoelzli,2023-06-05,IAV-M,RESPV4,1,27493,0,-0,3
ARA Werdhoelzli,2023-06-05,IAV-M,RESPV4,2,27977,0,-0,3
ARA Werdhoelzli,2023-06-06,IAV-M,RESPV4,1,29041,0,-0,3
ARA Werdhoelzli,2023-06-06,IAV-M,RESPV4,2,27915,0,-0,3
ARA Werdhoelzli,2023-06-08,IAV-M,RESPV4,1,27412,0,-0,3
ARA Werdhoelzli,2023-06-08,IAV-M,RESPV4,2,27617,0,-0,3
ARA Werdhoelzli,2023-06-10,IAV-M,RESPV4,1,27328,0,-0,3
ARA Werdhoelzli,2023-06-10,IAV-M,RESPV4,2,28355,0,-0,3
ARA Werdhoelzli,2023-06-11,IAV-M,RESPV4,1,27382,0,-0,3
ARA Werdhoelzli,2023-06-11,IAV-M,RESPV4,2,28700,0,-0,3
ARA Werdhoelzli,2023-06-12,IAV-M,RESPV4,1,26911,1,2147.9895,3
ARA Werdhoelzli,2023-06-12,IAV-M,RESPV4,2,27281,0,-0,3
ARA Werdhoelzli,2023-06-13,IAV-M,RESPV4,1,28717,0,-0,3
ARA Werdhoelzli,2023-06-13,IAV-M,RESPV4,2,27299,0,-0,3
ARA Werdhoelzli,2023-06-15,IAV-M,RESPV4,1,26479,0,-0,3
ARA Werdhoelzli,2023-06-17,IAV-M,RESPV4,1,25188,2,4589.945,3
ARA Werdhoelzli,2023-06-17,IAV-M,RESPV4,2,26019,0,-0,3
ARA Werdhoelzli,2023-06-18,IAV-M,RESPV4,1,25767,1,2243.3574,3
ARA Werdhoelzli,2023-06-18,IAV-M,RESPV4,2,26144,0,-0,3
ARA Werdhoelzli,2023-06-19,IAV-M,RESPV4,1,25925,0,-0,3
ARA Werdhoelzli,2023-06-19,IAV-M,RESPV4,2,25058,0,-0,3
ARA Werdhoelzli,2023-06-20,IAV-M,RESPV4,1,25131,0,-0,3
ARA Werdhoelzli,2023-06-20,IAV-M,RESPV4,2,26531,0,-0,3
ARA Werdhoelzli,2023-07-10,IAV-M,RESPV6,1,25180,0,-0,3
ARA Werdhoelzli,2023-07-10,IAV-M,RESPV6,2,24853,0,-0,3
ARA Werdhoelzli,2023-07-12,IAV-M,RESPV6,1,24422,0,-0,3
ARA Werdhoelzli,2023-07-12,IAV-M,RESPV6,2,24926,0,-0,3
ARA Werdhoelzli,2023-07-14,IAV-M,RESPV6,1,23630,0,-0,3
ARA Werdhoelzli,2023-07-15,IAV-M,RESPV6,1,24177,0,-0,3
ARA Werdhoelzli,2023-07-15,IAV-M,RESPV6,2,21104,0,-0,3
ARA Werdhoelzli,2023-07-16,IAV-M,RESPV6,1,23802,0,-0,3
ARA Werdhoelzli,2023-07-16,IAV-M,RESPV6,2,21100,1,2739.566,3
ARA Werdhoelzli,2023-07-18,IAV-M,RESPV6,1,26899,0,-0,3
ARA Werdhoelzli,2023-07-18,IAV-M,RESPV6,2,25908,0,-0,3
ARA Werdhoelzli,2023-07-20,IAV-M,RESPV6,1,23827,0,-0,3
ARA Werdhoelzli,2023-07-20,IAV-M,RESPV6,2,17417,0,-0,3
ARA Werdhoelzli,2023-07-20,IAV-M,RESPV6,3,20996,1,2753.136,3
ARA Werdhoelzli,2023-07-20,IAV-M,RESPV6,4,24708,1,2339.511,3
ARA Werdhoelzli,2023-07-21,IAV-M,RESPV6,1,26766,0,-0,3
ARA Werdhoelzli,2023-07-21,IAV-M,RESPV6,2,26350,1,2193.7217,3
ARA Werdhoelzli,2023-07-22,IAV-M,RESPV6,1,24388,0,-0,3
ARA Werdhoelzli,2023-07-22,IAV-M,RESPV6,2,23679,0,-0,3
ARA Werdhoelzli,2023-07-22,IAV-M,RESPV6,3,20730,0,-0,3
ARA Werdhoelzli,2023-07-22,IAV-M,RESPV6,4,19701,0,-0,3
ARA Werdhoelzli,2023-07-23,IAV-M,RESPV6,1,24951,0,-0,3
ARA Werdhoelzli,2023-07-23,IAV-M,RESPV6,2,24613,0,-0,3
ARA Werdhoelzli,2023-07-24,IAV-M,RESPV6,1,22409,0,-0,3
ARA Werdhoelzli,2023-07-24,IAV-M,RESPV6,2,23716,0,-0,3
ARA Werdhoelzli,2023-07-26,IAV-M,RESPV6,1,24234,0,-0,3
ARA Werdhoelzli,2023-07-26,IAV-M,RESPV6,2,19634,0,-0,3
ARA Werdhoelzli,2023-07-28,IAV-M,RESPV6,1,20080,0,-0,3
ARA Werdhoelzli,2023-07-28,IAV-M,RESPV6,2,22867,0,-0,3
ARA Werdhoelzli,2023-07-29,IAV-M,RESPV6,1,19312,0,-0,3
ARA Werdhoelzli,2023-07-29,IAV-M,RESPV6,2,23028,0,-0,3
ARA Werdhoelzli,2023-07-30,IAV-M,RESPV6,1,19940,0,-0,3
ARA Werdhoelzli,2023-07-30,IAV-M,RESPV6,2,22859,0,-0,3
ARA Werdhoelzli,2023-08-01,IAV-M,RESPV6,1,22804,0,-0,3
ARA Werdhoelzli,2023-08-01,IAV-M,RESPV6,2,18043,0,-0,3
ARA Werdhoelzli,2023-08-03,IAV-M,RESPV6,1,24482,0,-0,3
ARA Werdhoelzli,2023-08-03,IAV-M,RESPV6,2,17405,0,-0,3
ARA Werdhoelzli,2023-08-04,IAV-M,RESPV6,1,19905,0,-0,3
ARA Werdhoelzli,2023-08-04,IAV-M,RESPV6,2,21926,0,-0,3
ARA Werdhoelzli,2023-08-05,IAV-M,RESPV6,1,22328,0,-0,3
ARA Werdhoelzli,2023-08-05,IAV-M,RESPV6,2,19080,0,-0,3
ARA Werdhoelzli,2023-08-06,IAV-M,RESPV6,1,24124,0,-0,3
ARA Werdhoelzli,2023-08-06,IAV-M,RESPV6,2,15066,0,-0,3
ARA Werdhoelzli,2023-08-07,IAV-M,RESPV6,1,23047,1,2508.1235,3
ARA Werdhoelzli,2023-08-07,IAV-M,RESPV6,2,24673,2,4685.755,3
ARA Werdhoelzli,2023-08-09,IAV-M,RESPV6,1,25431,2,4546.085,3
ARA Werdhoelzli,2023-08-09,IAV-M,RESPV6,2,16915,0,-0,3
ARA Werdhoelzli,2023-08-11,IAV-M,RESPV6,1,21128,0,-0,3
ARA Werdhoelzli,2023-08-11,IAV-M,RESPV6,2,23734,0,-0,3
ARA Werdhoelzli,2023-08-12,IAV-M,RESPV6,1,22014,2,5251.758,3
ARA Werdhoelzli,2023-08-12,IAV-M,RESPV6,2,22773,0,-0,3
ARA Werdhoelzli,2023-08-13,IAV-M,RESPV6,1,21440,1,2696.1204,3
ARA Werdhoelzli,2023-08-13,IAV-M,RESPV6,2,23066,0,-0,3
ARA Werdhoelzli,2023-08-15,IAV-M,RESPV6,1,22431,0,-0,3
ARA Werdhoelzli,2023-08-15,IAV-M,RESPV6,2,24580,0,-0,3
ARA Werdhoelzli,2023-08-17,IAV-M,RESPV6,1,23750,0,-0,3
ARA Werdhoelzli,2023-08-17,IAV-M,RESPV6,2,21839,0,-0,3
ARA Werdhoelzli,2023-08-18,IAV-M,RESPV6,1,22109,0,-0,3
ARA Werdhoelzli,2023-08-18,IAV-M,RESPV6,2,23834,0,-0,3
ARA Werdhoelzli,2023-08-19,IAV-M,RESPV6,1,20963,1,2757.4702,3
ARA Werdhoelzli,2023-08-19,IAV-M,RESPV6,2,22767,0,-0,3
ARA Werdhoelzli,2023-08-20,IAV-M,RESPV6,1,16829,0,-0,3
ARA Werdhoelzli,2023-08-20,IAV-M,RESPV6,2,22118,0,-0,3
ARA Werdhoelzli,2023-08-21,IAV-M,RESPV6,1,22087,0,-0,3
ARA Werdhoelzli,2023-08-21,IAV-M,RESPV6,2,23648,0,-0,3
ARA Werdhoelzli,2023-08-23,IAV-M,RESPV6,1,23336,0,-0,3
ARA Werdhoelzli,2023-08-23,IAV-M,RESPV6,2,21963,0,-0,3
ARA Werdhoelzli,2023-08-25,IAV-M,RESPV6,1,20418,0,-0,3
ARA Werdhoelzli,2023-08-25,IAV-M,RESPV6,2,22134,0,-0,3
ARA Werdhoelzli,2023-08-26,IAV-M,RESPV6,1,18986,0,-0,3
ARA Werdhoelzli,2023-08-26,IAV-M,RESPV6,2,21945,0,-0,3
ARA Werdhoelzli,2023-08-27,IAV-M,RESPV6,1,20800,0,-0,3
ARA Werdhoelzli,2023-08-27,IAV-M,RESPV6,2,21873,0,-0,3
ARA Werdhoelzli,2023-08-29,IAV-M,RESPV6,1,17437,0,-0,3
ARA Werdhoelzli,2023-08-29,IAV-M,RESPV6,2,17644,0,-0,3
ARA Werdhoelzli,2023-08-31,IAV-M,RESPV6,1,16455,0,-0,3
ARA Werdhoelzli,2023-08-31,IAV-M,RESPV6,2,19111,0,-0,3
ARA Werdhoelzli,2023-09-01,IAV-M,RESPV6,1,15832,0,-0,3
ARA Werdhoelzli,2023-09-02,IAV-M,RESPV6,1,16905,0,-0,3
ARA Werdhoelzli,2023-09-03,IAV-M,RESPV6,1,17401,0,-0,3
ARA Werdhoelzli,2023-09-03,IAV-M,RESPV6,2,16707,0,-0,3
ARA Werdhoelzli,2023-09-04,IAV-M,RESPV6,1,18774,0,-0,3
ARA Werdhoelzli,2023-09-04,IAV-M,RESPV6,2,20043,0,-0,3
ARA Werdhoelzli,2023-09-06,IAV-M,RESPV6,1,16794,0,-0,3
ARA Werdhoelzli,2023-09-06,IAV-M,RESPV6,2,21651,0,-0,3
ARA Werdhoelzli,2023-09-08,IAV-M,RESPV6,1,19878,0,-0,3
ARA Werdhoelzli,2023-09-08,IAV-M,RESPV6,2,17929,0,-0,3
ARA Werdhoelzli,2023-09-09,IAV-M,RESPV6,1,20631,0,-0,3
ARA Werdhoelzli,2023-09-09,IAV-M,RESPV6,2,18447,1,3133.5737,3
ARA Werdhoelzli,2023-09-10,IAV-M,RESPV6,1,18264,0,-0,3
ARA Werdhoelzli,2023-09-12,IAV-M,RESPV6,1,19418,1,2976.875,3
ARA Werdhoelzli,2023-09-12,IAV-M,RESPV6,2,19393,0,-0,3
ARA Werdhoelzli,2023-09-14,IAV-M,RESPV6,1,22998,0,-0,3
ARA Werdhoelzli,2023-09-14,IAV-M,RESPV6,2,19306,0,-0,3
ARA Werdhoelzli,2023-09-15,IAV-M,RESPV6,1,20245,0,-0,3
ARA Werdhoelzli,2023-09-15,IAV-M,RESPV6,2,16020,0,-0,3
ARA Werdhoelzli,2023-09-16,IAV-M,RESPV6,1,16632,0,-0,3
ARA Werdhoelzli,2023-09-16,IAV-M,RESPV6,2,20456,0,-0,3
ARA Werdhoelzli,2023-09-17,IAV-M,RESPV6,1,19517,0,-0,3
ARA Werdhoelzli,2023-09-17,IAV-M,RESPV6,2,19041,0,-0,3
ARA Werdhoelzli,2023-09-20,IAV-M,RESPV6,1,21701,0,-0,3
ARA Werdhoelzli,2023-09-20,IAV-M,RESPV6,2,19158,0,-0,3
ARA Werdhoelzli,2023-09-22,IAV-M,RESPV6,1,19061,0,-0,3
ARA Werdhoelzli,2023-09-22,IAV-M,RESPV6,2,19234,0,-0,3
ARA Werdhoelzli,2023-09-23,IAV-M,RESPV6,1,17421,0,-0,3
ARA Werdhoelzli,2023-09-23,IAV-M,RESPV6,2,20070,0,-0,3
ARA Werdhoelzli,2023-09-24,IAV-M,RESPV6,1,22617,0,-0,3
ARA Werdhoelzli,2023-09-24,IAV-M,RESPV6,2,21146,0,-0,3
ARA Werdhoelzli,2023-09-26,IAV-M,RESPV6,1,19933,0,-0,3
ARA Werdhoelzli,2023-09-26,IAV-M,RESPV6,2,21184,0,-0,3
ARA Werdhoelzli,2023-09-28,IAV-M,RESPV6,1,18305,1,3157.8828,3
ARA Werdhoelzli,2023-09-28,IAV-M,RESPV6,2,21375,0,-0,3
ARA Werdhoelzli,2023-09-29,IAV-M,RESPV6,1,18608,0,-0,3
ARA Werdhoelzli,2023-09-29,IAV-M,RESPV6,2,17090,0,-0,3
ARA Werdhoelzli,2023-09-30,IAV-M,RESPV6,1,18577,0,-0,3
ARA Werdhoelzli,2023-10-01,IAV-M,RESPV6,1,21125,2,5472.777,3
ARA Werdhoelzli,2023-10-01,IAV-M,RESPV6,2,17912,0,-0,3
ARA Werdhoelzli,2023-10-02,IAV-M,RESPV6,1,22702,0,-0,3
ARA Werdhoelzli,2023-10-02,IAV-M,RESPV6,2,24844,0,-0,3
ARA Werdhoelzli,2023-10-04,IAV-M,RESPV6,1,24174,1,2391.1917,3
ARA Werdhoelzli,2023-10-04,IAV-M,RESPV6,2,23895,0,-0,3
ARA Werdhoelzli,2023-10-06,IAV-M,RESPV6,1,24887,0,-0,3
ARA Werdhoelzli,2023-10-07,IAV-M,RESPV6,1,25177,1,2295.9297,3
ARA Werdhoelzli,2023-10-07,IAV-M,RESPV6,2,22476,0,-0,3
ARA Werdhoelzli,2023-10-08,IAV-M,RESPV6,1,22686,0,-0,3
ARA Werdhoelzli,2023-10-10,IAV-M,RESPV6,1,23390,0,-0,3
ARA Werdhoelzli,2023-10-10,IAV-M,RESPV6,2,23513,0,-0,3
ARA Werdhoelzli,2023-10-12,IAV-M,RESPV6,1,25289,0,-0,3
ARA Werdhoelzli,2023-10-12,IAV-M,RESPV6,2,22811,1,2534.0728,3
ARA Werdhoelzli,2023-10-13,IAV-M,RESPV6,1,21022,0,-0,3
ARA Werdhoelzli,2023-10-13,IAV-M,RESPV6,2,20562,0,-0,3
ARA Werdhoelzli,2023-10-14,IAV-M,RESPV6,1,18584,0,-0,3
ARA Werdhoelzli,2023-10-14,IAV-M,RESPV6,2,22506,0,-0,3
ARA Werdhoelzli,2023-10-15,IAV-M,RESPV6,1,19557,0,-0,3
ARA Werdhoelzli,2023-10-15,IAV-M,RESPV6,2,21007,1,2751.6943,3
ARA Werdhoelzli,2023-10-16,IAV-M,RESPV6,1,24795,0,-0,3
ARA Werdhoelzli,2023-10-16,IAV-M,RESPV6,2,24147,1,2393.8652,3
ARA Werdhoelzli,2023-10-18,IAV-M,RESPV6,1,23432,0,-0,3
ARA Werdhoelzli,2023-10-18,IAV-M,RESPV6,2,25190,1,2294.7446,3
ARA Werdhoelzli,2023-10-20,IAV-M,RESPV6,1,21198,0,-0,3
ARA Werdhoelzli,2023-10-20,IAV-M,RESPV6,2,19418,0,-0,3
ARA Werdhoelzli,2023-10-21,IAV-M,RESPV6,1,18185,0,-0,3
ARA Werdhoelzli,2023-10-21,IAV-M,RESPV6,2,21861,2,5288.515,3
ARA Werdhoelzli,2023-10-22,IAV-M,RESPV6,1,19514,1,2962.2297,3
ARA Werdhoelzli,2023-10-22,IAV-M,RESPV6,2,19438,0,-0,3
ARA Werdhoelzli,2023-10-24,IAV-M,RESPV6,1,21820,0,-0,3
ARA Werdhoelzli,2023-10-24,IAV-M,RESPV6,2,20509,0,-0,3
ARA Werdhoelzli,2023-10-26,IAV-M,RESPV6,1,20189,0,-0,3
ARA Werdhoelzli,2023-10-26,IAV-M,RESPV6,2,23567,2,4905.6665,3
ARA Werdhoelzli,2023-10-27,IAV-M,RESPV6,1,18998,0,-0,3
ARA Werdhoelzli,2023-10-27,IAV-M,RESPV6,2,22445,0,-0,3
ARA Werdhoelzli,2023-10-28,IAV-M,RESPV6,1,22821,0,-0,3
ARA Werdhoelzli,2023-10-28,IAV-M,RESPV6,2,17391,0,-0,3
ARA Werdhoelzli,2023-10-29,IAV-M,RESPV6,1,21351,0,-0,3
ARA Werdhoelzli,2023-10-29,IAV-M,RESPV6,2,20400,1,2833.5728,3
ARA Werdhoelzli,2023-10-30,IAV-M,RESPV6,1,24011,0,-0,3
ARA Werdhoelzli,2023-10-30,IAV-M,RESPV6,2,23626,0,-0,3
ARA Werdhoelzli,2023-11-01,IAV-M,RESPV6,1,24627,0,-0,3
ARA Werdhoelzli,2023-11-01,IAV-M,RESPV6,2,21484,1,2690.5984,3
ARA Werdhoelzli,2023-11-03,IAV-M,RESPV6,1,19530,1,2959.803,3
ARA Werdhoelzli,2023-11-03,IAV-M,RESPV6,2,22324,1,2589.3552,3
ARA Werdhoelzli,2023-11-04,IAV-M,RESPV6,1,18796,1,3075.3887,3
ARA Werdhoelzli,2023-11-04,IAV-M,RESPV6,2,22757,0,-0,3
ARA Werdhoelzli,2023-11-05,IAV-M,RESPV6,1,21495,0,-0,3
ARA Werdhoelzli,2023-11-05,IAV-M,RESPV6,2,21546,2,5365.836,3
ARA Werdhoelzli,2023-11-07,IAV-M,RESPV6,1,20644,1,2800.0808,3
ARA Werdhoelzli,2023-11-07,IAV-M,RESPV6,2,21462,2,5386.8384,3
ARA Werdhoelzli,2023-11-09,IAV-M,RESPV6,1,19031,0,-0,3
ARA Werdhoelzli,2023-11-09,IAV-M,RESPV6,2,23124,2,4999.6514,3
ARA Werdhoelzli,2023-11-10,IAV-M,RESPV6,1,17246,0,-0,3
ARA Werdhoelzli,2023-11-10,IAV-M,RESPV6,2,22122,2,5226.117,3
ARA Werdhoelzli,2023-11-11,IAV-M,RESPV6,1,20116,0,-0,3
ARA Werdhoelzli,2023-11-11,IAV-M,RESPV6,2,16674,4,13868.395,3
ARA Werdhoelzli,2023-11-12,IAV-M,RESPV6,1,19420,0,-0,3
ARA Werdhoelzli,2023-11-12,IAV-M,RESPV6,2,20117,1,2873.4358,3
ARA Werdhoelzli,2023-11-13,IAV-M,RESPV6,1,21534,1,2684.3508,3
ARA Werdhoelzli,2023-11-13,IAV-M,RESPV6,2,23218,1,2489.651,3
ARA Werdhoelzli,2023-11-15,IAV-M,RESPV6,1,22979,0,-0,3
ARA Werdhoelzli,2023-11-15,IAV-M,RESPV6,2,19521,1,2961.1675,3
ARA Werdhoelzli,2023-11-17,IAV-M,RESPV6,1,23201,2,4983.0576,3
ARA Werdhoelzli,2023-11-17,IAV-M,RESPV6,2,18534,1,3118.8643,3
ARA Werdhoelzli,2023-11-18,IAV-M,RESPV6,1,21384,2,5406.488,3
ARA Werdhoelzli,2023-11-18,IAV-M,RESPV6,2,19939,2,5798.322,3
ARA Werdhoelzli,2023-11-19,IAV-M,RESPV6,1,19535,2,5918.2417,3
ARA Werdhoelzli,2023-11-19,IAV-M,RESPV6,2,21149,1,2733.2183,3
ARA Werdhoelzli,2023-11-21,IAV-M,RESPV6,1,22135,1,2611.4648,3
ARA Werdhoelzli,2023-11-21,IAV-M,RESPV6,2,20462,4,11300.776,3
ARA Werdhoelzli,2023-11-23,IAV-M,RESPV6,1,18923,0,-0,3
ARA Werdhoelzli,2023-11-23,IAV-M,RESPV6,2,23996,2,4817.9595,3
ARA Werdhoelzli,2023-11-24,IAV-M,RESPV6,1,21602,2,5351.9253,3
ARA Werdhoelzli,2023-11-24,IAV-M,RESPV6,2,19131,2,6043.2275,3
ARA Werdhoelzli,2023-11-25,IAV-M,RESPV6,1,20301,0,-0,3
ARA Werdhoelzli,2023-11-25,IAV-M,RESPV6,2,17833,0,-0,3
ARA Werdhoelzli,2023-11-26,IAV-M,RESPV6,1,22182,3,7818.1465,3
ARA Werdhoelzli,2023-11-26,IAV-M,RESPV6,2,22721,3,7632.6685,3
ARA Werdhoelzli,2023-11-27,IAV-M,RESPV6,1,21540,0,-0,3
ARA Werdhoelzli,2023-11-27,IAV-M,RESPV6,2,21827,3,7945.312,3
ARA Werdhoelzli,2023-11-29,IAV-M,RESPV6,1,23164,4,9982.466,3
ARA Werdhoelzli,2023-11-29,IAV-M,RESPV6,2,19586,0,-0,3
ARA Werdhoelzli,2023-12-01,IAV-M,RESPV6,1,19465,0,-0,3
ARA Werdhoelzli,2023-12-01,IAV-M,RESPV6,2,22609,0,-0,3
ARA Werdhoelzli,2023-12-02,IAV-M,RESPV6,1,20437,0,-0,3
ARA Werdhoelzli,2023-12-02,IAV-M,RESPV6,2,19195,0,-0,3
ARA Werdhoelzli,2023-12-03,IAV-M,RESPV6,1,21408,2,5400.427,3
ARA Werdhoelzli,2023-12-03,IAV-M,RESPV6,2,20457,3,8477.446,3
ARA Werdhoelzli,2023-12-05,IAV-M,RESPV6,1,16448,2,7029.059,3
ARA Werdhoelzli,2023-12-07,IAV-M,RESPV6,1,16872,0,-0,3
ARA Werdhoelzli,2023-12-08,IAV-M,RESPV6,1,18553,4,12463.6875,3
ARA Werdhoelzli,2023-12-09,IAV-M,RESPV6,1,18060,1,3200.7236,3
ARA Werdhoelzli,2023-12-09,IAV-M,RESPV6,2,16287,2,7098.547,3
ARA Werdhoelzli,2023-12-10,IAV-M,RESPV6,1,17314,5,16695.107,3
ARA Werdhoelzli,2023-12-11,IAV-M,RESPV6,1,20099,1,2876.009,3
ARA Werdhoelzli,2023-12-11,IAV-M,RESPV6,2,18127,3,9567.207,3
ARA Werdhoelzli,2023-12-13,IAV-M,RESPV6,1,19489,0,-0,3
ARA Werdhoelzli,2023-12-13,IAV-M,RESPV6,2,17198,1,3361.1553,3
ARA Werdhoelzli,2023-12-15,IAV-M,RESPV6,1,23802,4,9714.869,3
ARA Werdhoelzli,2023-12-15,IAV-M,RESPV6,2,16908,1,3418.8064,3
ARA Werdhoelzli,2023-12-16,IAV-M,RESPV6,1,15594,5,18536.854,3
ARA Werdhoelzli,2023-12-16,IAV-M,RESPV6,2,18479,1,3128.1472,3
ARA Werdhoelzli,2023-12-17,IAV-M,RESPV6,1,18336,8,25225.168,3
ARA Werdhoelzli,2023-12-17,IAV-M,RESPV6,2,16840,1,3432.612,3
ARA Werdhoelzli,2023-12-19,IAV-M,RESPV6,1,18716,3,9266.099,3
ARA Werdhoelzli,2023-12-19,IAV-M,RESPV6,2,15691,1,3683.9788,3
ARA Werdhoelzli,2023-12-21,IAV-M,RESPV6,1,16631,4,13904.256,3
ARA Werdhoelzli,2023-12-21,IAV-M,RESPV6,2,18970,2,6094.5195,3
ARA Werdhoelzli,2023-12-22,IAV-M,RESPV6,1,18696,2,6183.843,3
ARA Werdhoelzli,2023-12-22,IAV-M,RESPV6,2,15934,3,10884.068,3
ARA Werdhoelzli,2023-12-23,IAV-M,RESPV6,1,18110,2,6383.949,3
ARA Werdhoelzli,2023-12-24,IAV-M,RESPV6,1,17884,6,19396.053,3
ARA Werdhoelzli,2023-12-24,IAV-M,RESPV6,2,16205,10,35681.156,3
ARA Werdhoelzli,2023-12-25,IAV-M,RESPV6,1,16523,7,24493.738,3
ARA Werdhoelzli,2023-12-25,IAV-M,RESPV6,2,17073,3,10157.89,3
ARA Werdhoelzli,2023-12-27,IAV-M,RESPV6,1,15131,4,15282.826,3
ARA Werdhoelzli,2023-12-27,IAV-M,RESPV6,2,15546,7,26033.412,3
ARA Werdhoelzli,2023-12-29,IAV-M,RESPV6,1,17031,5,16972.566,3
ARA Werdhoelzli,2023-12-30,IAV-M,RESPV6,1,16939,4,13651.407,3
ARA Werdhoelzli,2023-12-31,IAV-M,RESPV6,1,15017,5,19249.217,3
ARA Werdhoelzli,2023-12-31,IAV-M,RESPV6,2,16396,12,42321.027,3
ARA Werdhoelzli,2024-01-02,IAV-M,RESPV6,1,20075,21,60498.54,3
ARA Werdhoelzli,2024-01-02,IAV-M,RESPV6,2,19462,28,83221.8,3
ARA Werdhoelzli,2024-01-04,IAV-M,RESPV6,1,20166,18,51617.926,3
ARA Werdhoelzli,2024-01-04,IAV-M,RESPV6,2,17965,19,61165.996,3
ARA Werdhoelzli,2024-01-05,IAV-M,RESPV6,1,16882,31,106240.66,3
ARA Werdhoelzli,2024-01-05,IAV-M,RESPV6,2,16707,33,114287.48,3
ARA Werdhoelzli,2024-01-06,IAV-M,RESPV6,1,18731,11,33955.74,3
ARA Werdhoelzli,2024-01-06,IAV-M,RESPV6,2,15327,7,26405.475,3
ARA Werdhoelzli,2024-01-07,IAV-M,RESPV6,1,16133,11,39425.71,3
ARA Werdhoelzli,2024-01-07,IAV-M,RESPV6,2,15819,10,36552.086,3
ARA Werdhoelzli,2024-01-08,IAV-M,RESPV6,1,19589,6,17707.588,3
ARA Werdhoelzli,2024-01-08,IAV-M,RESPV6,2,20273,10,28519.572,3
ARA Werdhoelzli,2024-01-10,IAV-M,RESPV6,1,17803,10,32477.51,3
ARA Werdhoelzli,2024-01-10,IAV-M,RESPV6,2,18658,3,9294.905,3
ARA Werdhoelzli,2024-01-12,IAV-M,RESPV6,1,20099,18,51790.07,3
ARA Werdhoelzli,2024-01-12,IAV-M,RESPV6,2,21407,17,45921.863,3
ARA Werdhoelzli,2024-01-13,IAV-M,RESPV6,1,18464,24,75183.36,3
ARA Werdhoelzli,2024-01-13,IAV-M,RESPV6,2,22806,32,81163.29,3
ARA Werdhoelzli,2024-01-14,IAV-M,RESPV6,1,17420,42,139533.7,3
ARA Werdhoelzli,2024-01-14,IAV-M,RESPV6,2,16888,47,161093.7,3
ARA Werdhoelzli,2024-01-16,IAV-M,RESPV6,1,20851,34,94332.26,3
ARA Werdhoelzli,2024-01-16,IAV-M,RESPV6,2,19347,28,83716.83,3
ARA Werdhoelzli,2024-01-18,IAV-M,RESPV6,1,21083,8,21937.842,3
ARA Werdhoelzli,2024-01-18,IAV-M,RESPV6,2,19475,13,38597.996,3
ARA Werdhoelzli,2024-01-19,IAV-M,RESPV6,1,18866,12,36778.453,3
ARA Werdhoelzli,2024-01-19,IAV-M,RESPV6,2,16530,9,31480.516,3
ARA Werdhoelzli,2024-01-20,IAV-M,RESPV6,1,17312,26,86877.3,3
ARA Werdhoelzli,2024-01-20,IAV-M,RESPV6,2,20659,32,89604.78,3
ARA Werdhoelzli,2024-01-21,IAV-M,RESPV6,1,21209,26,70904.43,3
ARA Werdhoelzli,2024-01-21,IAV-M,RESPV6,2,19898,32,93034.47,3
ARA Werdhoelzli,2024-01-22,IAV-M,RESPV6,1,19280,21,62994.527,3
ARA Werdhoelzli,2024-01-22,IAV-M,RESPV6,2,18526,28,87429.63,3
ARA Werdhoelzli,2024-01-24,IAV-M,RESPV6,1,16997,16,54438.492,3
ARA Werdhoelzli,2024-01-24,IAV-M,RESPV6,2,20793,21,58408.418,3
ARA Werdhoelzli,2024-01-26,IAV-M,RESPV6,1,19132,18,54408.96,3
ARA Werdhoelzli,2024-01-26,IAV-M,RESPV6,2,17547,30,98910.82,3
ARA Werdhoelzli,2024-01-27,IAV-M,RESPV6,1,21175,31,84685.734,3
ARA Werdhoelzli,2024-01-27,IAV-M,RESPV6,2,16095,22,79064.69,3
ARA Werdhoelzli,2024-01-28,IAV-M,RESPV6,1,18106,19,60689.414,3
ARA Werdhoelzli,2024-01-28,IAV-M,RESPV6,2,17769,30,97674.016,3
ARA Werdhoelzli,2024-01-30,IAV-M,RESPV6,1,19262,17,51037.94,3
ARA Werdhoelzli,2024-01-30,IAV-M,RESPV6,2,20180,25,71654.24,3
ARA Werdhoelzli,2024-02-01,IAV-M,RESPV6,1,19754,38,111301.37,3
ARA Werdhoelzli,2024-02-01,IAV-M,RESPV6,2,17701,31,101320.74,3
ARA Werdhoelzli,2024-02-02,IAV-M,RESPV6,1,17355,21,69986.05,3
ARA Werdhoelzli,2024-02-02,IAV-M,RESPV6,2,19102,34,102977.125,3
ARA Werdhoelzli,2024-02-03,IAV-M,RESPV6,1,16701,20,69263.05,3
ARA Werdhoelzli,2024-02-03,IAV-M,RESPV6,2,21038,28,76983.33,3
ARA Werdhoelzli,2024-02-04,IAV-M,RESPV6,1,16940,20,68285.266,3
ARA Werdhoelzli,2024-02-04,IAV-M,RESPV6,2,19283,23,68986.84,3
ARA Werdhoelzli,2024-02-05,IAV-M,RESPV6,1,24300,21,49975.21,3
ARA Werdhoelzli,2024-02-05,IAV-M,RESPV6,2,22805,29,73552.62,3
ARA Werdhoelzli,2024-02-07,IAV-M,RESPV6,1,24260,24,57212.28,3
ARA Werdhoelzli,2024-02-07,IAV-M,RESPV6,2,22087,23,60224.227,3
ARA Werdhoelzli,2024-02-09,IAV-M,RESPV6,1,22236,28,72833.11,3
ARA Werdhoelzli,2024-02-09,IAV-M,RESPV6,2,21612,19,50839.76,3
ARA Werdhoelzli,2024-02-10,IAV-M,RESPV6,1,22468,24,61777.848,3
ARA Werdhoelzli,2024-02-10,IAV-M,RESPV6,2,20477,26,73440.695,3
ARA Werdhoelzli,2024-02-11,IAV-M,RESPV6,1,22201,19,49490.39,3
ARA Werdhoelzli,2024-02-11,IAV-M,RESPV6,2,22047,17,44588.29,3
ARA Werdhoelzli,2024-02-13,IAV-M,RESPV6,1,20287,32,91249.14,3
ARA Werdhoelzli,2024-02-13,IAV-M,RESPV6,2,21068,48,131846.02,3
ARA Werdhoelzli,2024-02-15,IAV-M,RESPV6,1,20571,24,67478.16,3
ARA Werdhoelzli,2024-02-15,IAV-M,RESPV6,2,21282,20,54347.004,3
ARA Werdhoelzli,2024-02-16,IAV-M,RESPV6,1,21763,15,39854.387,3
ARA Werdhoelzli,2024-02-16,IAV-M,RESPV6,2,19904,18,52297.69,3
ARA Werdhoelzli,2024-02-17,IAV-M,RESPV6,1,20671,16,44759.016,3
ARA Werdhoelzli,2024-02-18,IAV-M,RESPV6,1,17902,14,45222.05,3
ARA Werdhoelzli,2024-02-18,IAV-M,RESPV6,2,18286,13,41108.625,3
ARA Werdhoelzli,2024-02-19,IAV-M,RESPV6,1,21662,7,18682.01,3
ARA Werdhoelzli,2024-02-19,IAV-M,RESPV6,2,21627,9,24059.717,3
ARA Werdhoelzli,2024-02-21,IAV-M,RESPV6,1,20935,11,30379.998,3
ARA Werdhoelzli,2024-02-23,IAV-M,RESPV6,1,18994,2,6086.8184,3
ARA Werdhoelzli,2024-02-23,IAV-M,RESPV6,2,18902,3,9174.911,3
ARA Werdhoelzli,2024-02-24,IAV-M,RESPV6,1,18436,7,21951.678,3
ARA Werdhoelzli,2024-02-24,IAV-M,RESPV6,2,19627,9,26511.975,3
ARA Werdhoelzli,2024-02-25,IAV-M,RESPV6,1,19695,6,17612.27,3
ARA Werdhoelzli,2024-02-25,IAV-M,RESPV6,2,20375,6,17024.387,3
ARA Werdhoelzli,2024-02-27,IAV-M,RESPV6,1,22123,7,18292.65,3
ARA Werdhoelzli,2024-02-27,IAV-M,RESPV6,2,23127,8,19998.605,3
ARA Werdhoelzli,2024-02-29,IAV-M,RESPV6,1,19601,7,20646.729,3
ARA Werdhoelzli,2024-02-29,IAV-M,RESPV6,2,21032,5,13743.425,3
ARA Werdhoelzli,2024-03-01,IAV-M,RESPV6,1,19527,5,14802.804,3
ARA Werdhoelzli,2024-03-01,IAV-M,RESPV6,2,18125,4,12758.035,3
ARA Werdhoelzli,2024-03-02,IAV-M,RESPV6,1,17667,3,9816.332,3
ARA Werdhoelzli,2024-03-02,IAV-M,RESPV6,2,19455,5,14857.595,3
ARA Werdhoelzli,2024-03-03,IAV-M,RESPV6,1,21513,6,16123.701,3
ARA Werdhoelzli,2024-03-04,IAV-M,RESPV6,1,24257,1,2383.0095,3
ARA Werdhoelzli,2024-03-04,IAV-M,RESPV6,2,22797,2,5071.369,3
ARA Werdhoelzli,2024-03-06,IAV-M,RESPV6,1,18578,1,3111.4773,3
ARA Werdhoelzli,2024-03-06,IAV-M,RESPV6,2,21561,2,5362.103,3
ARA Werdhoelzli,2024-03-08,IAV-M,RESPV6,1,20606,1,2805.2446,3
ARA Werdhoelzli,2024-03-08,IAV-M,RESPV6,2,20288,3,8548.069,3
ARA Werdhoelzli,2024-03-09,IAV-M,RESPV6,1,19265,6,18005.441,3
ARA Werdhoelzli,2024-03-09,IAV-M,RESPV6,2,20384,3,8507.809,3
ARA Werdhoelzli,2024-03-10,IAV-M,RESPV6,1,20961,1,2757.7334,3
ARA Werdhoelzli,2024-03-10,IAV-M,RESPV6,2,21465,2,5386.0854,3
ARA Werdhoelzli,2024-03-12,IAV-M,RESPV6,1,26051,8,17753.59,3
ARA Werdhoelzli,2024-03-12,IAV-M,RESPV6,2,25338,4,9125.903,3
ARA Werdhoelzli,2024-03-14,IAV-M,RESPV6,1,21892,2,5281.026,3
ARA Werdhoelzli,2024-03-14,IAV-M,RESPV6,2,25838,2,4474.472,3
ARA Werdhoelzli,2024-03-15,IAV-M,RESPV6,1,24640,4,9384.441,3
ARA Werdhoelzli,2024-03-15,IAV-M,RESPV6,2,26643,4,8678.874,3
ARA Werdhoelzli,2024-03-16,IAV-M,RESPV6,1,25030,1,2309.4138,3
ARA Werdhoelzli,2024-03-16,IAV-M,RESPV6,2,26248,4,8809.49,3
ARA Werdhoelzli,2024-03-17,IAV-M,RESPV6,1,24831,0,-0,3
ARA Werdhoelzli,2024-03-17,IAV-M,RESPV6,2,24280,4,9523.596,3
ARA Werdhoelzli,2024-03-18,IAV-M,RESPV6,1,18221,0,-0,3
ARA Werdhoelzli,2024-03-18,IAV-M,RESPV6,2,19395,2,5960.9644,3
ARA Werdhoelzli,2024-03-20,IAV-M,RESPV6,1,18120,0,-0,3
ARA Werdhoelzli,2024-03-20,IAV-M,RESPV6,2,19632,0,-0,3
ARA Werdhoelzli,2024-03-22,IAV-M,RESPV6,1,17272,1,3346.7544,3
ARA Werdhoelzli,2024-03-22,IAV-M,RESPV6,2,17017,0,-0,3
ARA Werdhoelzli,2024-03-23,IAV-M,RESPV6,1,17106,0,-0,3
ARA Werdhoelzli,2024-03-23,IAV-M,RESPV6,2,23132,2,4997.9224,3
ARA Werdhoelzli,2024-03-24,IAV-M,RESPV6,1,20212,1,2859.9297,3
ARA Werdhoelzli,2024-03-24,IAV-M,RESPV6,2,16391,2,7053.5044,3
ARA Werdhoelzli,2024-03-26,IAV-M,RESPV6,1,22577,2,5120.7896,3
ARA Werdhoelzli,2024-03-26,IAV-M,RESPV6,2,22956,5,12591.428,3
ARA Werdhoelzli,2024-03-28,IAV-M,RESPV6,1,21687,1,2665.4126,3
ARA Werdhoelzli,2024-03-28,IAV-M,RESPV6,2,24031,1,2405.421,3
ARA Werdhoelzli,2024-03-29,IAV-M,RESPV6,1,19790,2,5841.98,3
ARA Werdhoelzli,2024-03-29,IAV-M,RESPV6,2,25885,2,4466.347,3
ARA Werdhoelzli,2024-03-30,IAV-M,RESPV6,1,20277,2,5701.6636,3
ARA Werdhoelzli,2024-03-30,IAV-M,RESPV6,2,23764,2,4864.9976,3
ARA Werdhoelzli,2024-03-31,IAV-M,RESPV6,1,21711,3,7987.766,3
ARA Werdhoelzli,2024-03-31,IAV-M,RESPV6,2,22044,1,2622.2456,3
ARA Werdhoelzli,2024-04-01,IAV-M,RESPV6,1,23944,1,2414.1611,3
ARA Werdhoelzli,2024-04-01,IAV-M,RESPV6,2,21927,3,7909.074,3
ARA Werdhoelzli,2024-04-03,IAV-M,RESPV6,1,25427,0,-0,3
ARA Werdhoelzli,2024-04-03,IAV-M,RESPV6,2,22992,2,5028.356,3
ARA Werdhoelzli,2024-04-05,IAV-M,RESPV6,1,24090,0,-0,3
ARA Werdhoelzli,2024-04-05,IAV-M,RESPV6,2,23093,0,-0,3
ARA Werdhoelzli,2024-04-06,IAV-M,RESPV6,1,22162,1,2608.2832,3
ARA Werdhoelzli,2024-04-06,IAV-M,RESPV6,2,21624,1,2673.1782,3
ARA Werdhoelzli,2024-04-07,IAV-M,RESPV6,1,21050,0,-0,3
ARA Werdhoelzli,2024-04-07,IAV-M,RESPV6,2,21572,0,-0,3
ARA Werdhoelzli,2024-04-09,IAV-M,RESPV6,1,17682,1,3269.1497,3
ARA Werdhoelzli,2024-04-09,IAV-M,RESPV6,2,18961,2,6097.4126,3
ARA Werdhoelzli,2024-04-11,IAV-M,RESPV6,1,20216,0,-0,3
ARA Werdhoelzli,2024-04-11,IAV-M,RESPV6,2,21205,1,2726,3
ARA Werdhoelzli,2024-04-12,IAV-M,RESPV6,1,19321,1,2991.8206,3
ARA Werdhoelzli,2024-04-12,IAV-M,RESPV6,2,17965,0,-0,3
ARA Werdhoelzli,2024-04-13,IAV-M,RESPV6,1,19273,1,2999.272,3
ARA Werdhoelzli,2024-04-13,IAV-M,RESPV6,2,22117,1,2613.5903,3
ARA Werdhoelzli,2024-04-14,IAV-M,RESPV6,1,21492,0,-0,3
ARA Werdhoelzli,2024-04-14,IAV-M,RESPV6,2,21173,0,-0,3
ARA Werdhoelzli,2024-04-15,IAV-M,RESPV6,1,18419,1,3138.3374,3
ARA Werdhoelzli,2024-04-15,IAV-M,RESPV6,2,19856,1,2911.2068,3
ARA Werdhoelzli,2024-04-17,IAV-M,RESPV6,1,19598,0,-0,3
ARA Werdhoelzli,2024-04-17,IAV-M,RESPV6,2,20692,1,2793.5852,3
ARA Werdhoelzli,2024-04-19,IAV-M,RESPV6,1,23703,0,-0,3
ARA Werdhoelzli,2024-04-19,IAV-M,RESPV6,2,23986,1,2409.9338,3
ARA Werdhoelzli,2024-04-20,IAV-M,RESPV6,1,19629,0,-0,3
ARA Werdhoelzli,2024-04-20,IAV-M,RESPV6,2,23350,0,-0,3
ARA Werdhoelzli,2024-04-21,IAV-M,RESPV6,1,22364,1,2584.7236,3
ARA Werdhoelzli,2024-04-21,IAV-M,RESPV6,2,19966,0,-0,3
ARA Werdhoelzli,2024-04-23,IAV-M,RESPV6,1,25407,0,-0,3
ARA Werdhoelzli,2024-04-23,IAV-M,RESPV6,2,22891,0,-0,3
ARA Werdhoelzli,2024-04-25,IAV-M,RESPV6,1,22370,2,5168.1763,3
ARA Werdhoelzli,2024-04-25,IAV-M,RESPV6,2,21157,0,-0,3
ARA Werdhoelzli,2024-04-26,IAV-M,RESPV6,1,23050,1,2507.797,3
ARA Werdhoelzli,2024-04-26,IAV-M,RESPV6,2,22238,0,-0,3
ARA Werdhoelzli,2024-04-27,IAV-M,RESPV6,1,20980,0,-0,3
ARA Werdhoelzli,2024-04-27,IAV-M,RESPV6,2,21792,1,2652.5696,3
ARA Werdhoelzli,2024-04-28,IAV-M,RESPV6,1,21190,1,2727.9297,3
ARA Werdhoelzli,2024-04-28,IAV-M,RESPV6,2,21578,2,5357.8784,3
ARA Werdhoelzli,2024-04-29,IAV-M,RESPV6,1,26067,2,4435.162,3
ARA Werdhoelzli,2024-04-29,IAV-M,RESPV6,2,25526,3,6793.881,3
ARA Werdhoelzli,2024-05-01,IAV-M,RESPV6,1,23889,4,9679.486,3
ARA Werdhoelzli,2024-05-01,IAV-M,RESPV6,2,18080,2,6394.543,3
ARA Werdhoelzli,2024-05-03,IAV-M,RESPV6,1,24485,4,9443.8545,3
ARA Werdhoelzli,2024-05-03,IAV-M,RESPV6,2,15449,0,-0,3
ARA Werdhoelzli,2024-05-04,IAV-M,RESPV6,1,16539,3,10485.891,3
ARA Werdhoelzli,2024-05-05,IAV-M,RESPV6,1,24106,1,2397.9368,3
ARA Werdhoelzli,2024-05-05,IAV-M,RESPV6,2,25684,5,11253.912,3
ARA Werdhoelzli,2024-05-07,IAV-M,RESPV6,1,17313,2,6677.8496,3
ARA Werdhoelzli,2024-05-07,IAV-M,RESPV6,2,25758,2,4488.3696,3
ARA Werdhoelzli,2024-05-09,IAV-M,RESPV6,1,26250,0,-0,3
ARA Werdhoelzli,2024-05-09,IAV-M,RESPV6,2,25777,0,-0,3
ARA Werdhoelzli,2024-05-10,IAV-M,RESPV6,1,24657,3,7033.336,3
ARA Werdhoelzli,2024-05-10,IAV-M,RESPV6,2,24794,0,-0,3
ARA Werdhoelzli,2024-05-11,IAV-M,RESPV6,1,23452,0,-0,3
ARA Werdhoelzli,2024-05-11,IAV-M,RESPV6,2,24837,1,2327.3596,3
ARA Werdhoelzli,2024-05-12,IAV-M,RESPV6,1,25342,0,-0,3
ARA Werdhoelzli,2024-05-12,IAV-M,RESPV6,2,24883,1,2323.0571,3
ARA Werdhoelzli,2024-05-13,IAV-M,RESPV6,1,25794,0,-0,3
ARA Werdhoelzli,2024-05-13,IAV-M,RESPV6,2,26258,0,-0,3
ARA Werdhoelzli,2024-05-15,IAV-M,RESPV6,1,25856,0,-0,3
ARA Werdhoelzli,2024-05-15,IAV-M,RESPV6,2,25161,1,2297.3896,3
ARA Werdhoelzli,2024-05-17,IAV-M,RESPV6,1,24837,0,-0,3
ARA Werdhoelzli,2024-05-17,IAV-M,RESPV6,2,23278,1,2483.2336,3
ARA Werdhoelzli,2024-05-18,IAV-M,RESPV6,1,24498,1,2359.5662,3
ARA Werdhoelzli,2024-05-18,IAV-M,RESPV6,2,25132,0,-0,3
ARA Werdhoelzli,2024-05-19,IAV-M,RESPV6,1,23951,0,-0,3
ARA Werdhoelzli,2024-05-19,IAV-M,RESPV6,2,24301,0,-0,3
ARA Werdhoelzli,2024-05-21,IAV-M,RESPV6,1,26376,0,-0,3
ARA Werdhoelzli,2024-05-21,IAV-M,RESPV6,2,26579,0,-0,3
ARA Werdhoelzli,2024-05-24,IAV-M,RESPV6,1,26521,0,-0,3
ARA Werdhoelzli,2024-05-24,IAV-M,RESPV6,2,25496,0,-0,3
ARA Werdhoelzli,2024-05-25,IAV-M,RESPV6,1,24624,0,-0,3
ARA Werdhoelzli,2024-05-25,IAV-M,RESPV6,2,23850,0,-0,3
ARA Werdhoelzli,2024-05-26,IAV-M,RESPV6,1,24291,1,2379.6738,3
ARA Werdhoelzli,2024-05-26,IAV-M,RESPV6,2,24815,0,-0,3
ARA Werdhoelzli,2024-05-29,IAV-M,RESPV6,1,22898,0,-0,3
ARA Werdhoelzli,2024-05-29,IAV-M,RESPV6,2,25578,2,4519.9565,3
ARA Werdhoelzli,2024-05-31,IAV-M,RESPV6,1,26395,0,-0,3
ARA Werdhoelzli,2024-05-31,IAV-M,RESPV6,2,24859,0,-0,3
ARA Werdhoelzli,2024-06-01,IAV-M,RESPV6,1,24757,1,2334.8804,3
ARA Werdhoelzli,2024-06-01,IAV-M,RESPV6,2,23844,0,-0,3
ARA Werdhoelzli,2024-06-02,IAV-M,RESPV6,1,24856,1,2325.5808,3
ARA Werdhoelzli,2024-06-02,IAV-M,RESPV6,2,25209,1,2293.0151,3
ARA Werdhoelzli,2024-06-06,IAV-M,RESPV6,1,23762,0,-0,3
ARA Werdhoelzli,2024-06-06,IAV-M,RESPV6,2,22213,0,-0,3
ARA Werdhoelzli,2024-06-07,IAV-M,RESPV6,1,26111,0,-0,3
ARA Werdhoelzli,2024-06-07,IAV-M,RESPV6,2,25835,0,-0,3
ARA Werdhoelzli,2024-06-08,IAV-M,RESPV6,1,26554,0,-0,3
ARA Werdhoelzli,2024-06-08,IAV-M,RESPV6,2,26375,1,2191.6423,3
ARA Werdhoelzli,2024-06-09,IAV-M,RESPV6,1,22570,0,-0,3
ARA Werdhoelzli,2024-06-09,IAV-M,RESPV6,2,24490,0,-0,3
ARA Werdhoelzli,2024-06-10,IAV-M,RESPV6,1,27836,0,-0,3
ARA Werdhoelzli,2024-06-10,IAV-M,RESPV6,2,26603,0,-0,3
ARA Werdhoelzli,2024-06-14,IAV-M,RESPV6,1,25318,0,-0,3
ARA Werdhoelzli,2024-06-14,IAV-M,RESPV6,2,25784,0,-0,3
ARA Werdhoelzli,2024-06-15,IAV-M,RESPV6,1,25331,0,-0,3
ARA Werdhoelzli,2024-06-15,IAV-M,RESPV6,2,26809,1,2156.1619,3
ARA Werdhoelzli,2024-06-16,IAV-M,RESPV6,1,25357,1,2279.631,3
ARA Werdhoelzli,2024-06-16,IAV-M,RESPV6,2,25029,0,-0,3
ARA Werdhoelzli,2024-06-18,IAV-M,RESPV6,1,25733,2,4492.7305,3
ARA Werdhoelzli,2024-06-18,IAV-M,RESPV6,2,26118,0,-0,3
ARA Werdhoelzli,2024-06-21,IAV-M,RESPV6,1,26380,0,-0,3
ARA Werdhoelzli,2024-06-21,IAV-M,RESPV6,2,25711,2,4496.575,3
ARA Werdhoelzli,2024-06-22,IAV-M,RESPV6,1,24267,0,-0,3
ARA Werdhoelzli,2024-06-22,IAV-M,RESPV6,2,23966,0,-0,3
ARA Werdhoelzli,2024-06-23,IAV-M,RESPV6,1,24966,0,-0,3
ARA Werdhoelzli,2024-06-23,IAV-M,RESPV6,2,25329,0,-0,3
ARA Werdhoelzli,2024-06-26,IAV-M,RESPV6,1,25079,1,2304.9014,3
ARA Werdhoelzli,2024-06-26,IAV-M,RESPV6,2,26144,1,2211.0073,3
ARA Werdhoelzli,2024-06-28,IAV-M,RESPV6,1,26090,2,4431.252,3
ARA Werdhoelzli,2024-06-28,IAV-M,RESPV6,2,26819,1,2155.3582,3
ARA Werdhoelzli,2024-06-29,IAV-M,RESPV6,1,25023,0,-0,3
ARA Werdhoelzli,2024-06-29,IAV-M,RESPV6,2,25841,0,-0,3
ARA Werdhoelzli,2024-06-30,IAV-M,RESPV6,1,25615,0,-0,3
ARA Werdhoelzli,2024-06-30,IAV-M,RESPV6,2,25615,0,-0,3
ARA Werdhoelzli,2024-06-30,IAV-M,RESPV6,3,25959,0,-0,3
ARA Werdhoelzli,2024-06-30,IAV-M,RESPV6,4,25959,0,-0,3
ARA Werdhoelzli,2024-07-04,IAV-M,RESPV6,1,25318,2,4566.376,3
ARA Werdhoelzli,2024-07-04,IAV-M,RESPV6,2,22401,1,2580.4546,3
ARA Werdhoelzli,2024-07-05,IAV-M,RESPV6,1,26071,1,2217.1982,3
ARA Werdhoelzli,2024-07-05,IAV-M,RESPV6,2,28000,2,4128.967,3
ARA Werdhoelzli,2024-07-06,IAV-M,RESPV6,1,25044,0,-0,3
ARA Werdhoelzli,2024-07-06,IAV-M,RESPV6,2,26059,0,-0,3
ARA Werdhoelzli,2024-07-07,IAV-M,RESPV6,1,26537,2,4356.6074,3
ARA Werdhoelzli,2024-07-07,IAV-M,RESPV6,2,25455,0,-0,3
ARA Werdhoelzli,2024-07-08,IAV-M,RESPV6,1,28113,0,-0,3
ARA Werdhoelzli,2024-07-08,IAV-M,RESPV6,2,25694,0,-0,3
ARA Werdhoelzli,2024-07-12,IAV-M,RESPV6,1,26812,0,-0,3
ARA Werdhoelzli,2024-07-12,IAV-M,RESPV6,2,27573,0,-0,3
ARA Werdhoelzli,2024-07-13,IAV-M,RESPV6,1,26630,2,4341.392,3
ARA Werdhoelzli,2024-07-13,IAV-M,RESPV6,2,26094,0,-0,3
ARA Werdhoelzli,2024-07-14,IAV-M,RESPV6,1,25773,0,-0,3
ARA Werdhoelzli,2024-07-14,IAV-M,RESPV6,2,25866,0,-0,3
ARA Werdhoelzli,2024-07-16,IAV-M,RESPV6,1,26380,0,-0,3
ARA Werdhoelzli,2024-07-16,IAV-M,RESPV6,2,26601,0,-0,3
ARA Werdhoelzli,2024-07-19,IAV-M,RESPV6,1,27126,0,-0,3
ARA Werdhoelzli,2024-07-19,IAV-M,RESPV6,2,27978,0,-0,3
ARA Werdhoelzli,2024-07-20,IAV-M,RESPV6,1,25614,0,-0,3
ARA Werdhoelzli,2024-07-20,IAV-M,RESPV6,2,26295,0,-0,3
ARA Werdhoelzli,2024-07-21,IAV-M,RESPV6,1,24830,0,-0,3
ARA Werdhoelzli,2024-07-21,IAV-M,RESPV6,2,23297,0,-0,3
ARA Werdhoelzli,2024-08-05,IAV-M,RESPV6,1,24982,1,2313.851,3
ARA Werdhoelzli,2024-08-05,IAV-M,RESPV6,2,23618,1,2447.4846,3
ARA Werdhoelzli,2024-08-09,IAV-M,RESPV6,1,22950,1,2518.7246,3
ARA Werdhoelzli,2024-08-09,IAV-M,RESPV6,2,22334,1,2588.1958,3
ARA Werdhoelzli,2024-08-10,IAV-M,RESPV6,1,24311,1,2377.716,3
ARA Werdhoelzli,2024-08-10,IAV-M,RESPV6,2,24986,0,-0,3
ARA Werdhoelzli,2024-08-11,IAV-M,RESPV6,1,25043,0,-0,3
ARA Werdhoelzli,2024-08-11,IAV-M,RESPV6,2,25243,1,2289.9265,3
ARA Werdhoelzli,2024-08-13,IAV-M,RESPV6,1,23542,0,-0,3
ARA Werdhoelzli,2024-08-13,IAV-M,RESPV6,2,20845,0,-0,3
ARA Werdhoelzli,2024-08-16,IAV-M,RESPV6,1,24429,4,9465.504,3
ARA Werdhoelzli,2024-08-16,IAV-M,RESPV6,2,24173,2,4782.68,3
ARA Werdhoelzli,2024-08-17,IAV-M,RESPV6,1,24052,0,-0,3
ARA Werdhoelzli,2024-08-17,IAV-M,RESPV6,2,25276,0,-0,3
ARA Werdhoelzli,2024-08-18,IAV-M,RESPV6,1,23607,0,-0,3
ARA Werdhoelzli,2024-08-18,IAV-M,RESPV6,2,23247,0,-0,3
ARA Werdhoelzli,2024-08-21,IAV-M,RESPV6,1,24223,0,-0,3
ARA Werdhoelzli,2024-08-21,IAV-M,RESPV6,2,21818,3,7948.59,3
ARA Werdhoelzli,2024-08-23,IAV-M,RESPV6,1,25521,0,-0,3
ARA Werdhoelzli,2024-08-23,IAV-M,RESPV6,2,24914,2,4640.4263,3
ARA Werdhoelzli,2024-08-24,IAV-M,RESPV6,1,25177,2,4591.95,3
ARA Werdhoelzli,2024-08-24,IAV-M,RESPV6,2,25457,2,4541.4414,3
ARA Werdhoelzli,2024-08-25,IAV-M,RESPV6,1,23011,0,-0,3
ARA Werdhoelzli,2024-08-25,IAV-M,RESPV6,2,22992,1,2514.1235,3
ARA Werdhoelzli,2024-08-29,IAV-M,RESPV6,1,23703,2,4877.5186,3
ARA Werdhoelzli,2024-08-29,IAV-M,RESPV6,2,25278,3,6860.5386,3
ARA Werdhoelzli,2024-08-30,IAV-M,RESPV6,1,25012,2,4622.2437,3
ARA Werdhoelzli,2024-08-30,IAV-M,RESPV6,2,24684,2,4683.666,3
ARA Werdhoelzli,2024-08-31,IAV-M,RESPV6,1,25005,4,9247.445,3
ARA Werdhoelzli,2024-08-31,IAV-M,RESPV6,2,24763,2,4668.7236,3
ARA Werdhoelzli,2024-09-01,IAV-M,RESPV6,1,24460,0,-0,3
ARA Werdhoelzli,2024-09-01,IAV-M,RESPV6,2,22583,1,2559.6575,3
ARA Werdhoelzli,2024-09-02,IAV-M,RESPV6,1,26794,0,-0,3
ARA Werdhoelzli,2024-09-02,IAV-M,RESPV6,2,24782,0,-0,3
ARA Werdhoelzli,2024-09-06,IAV-M,RESPV6,1,25796,0,-0,3
ARA Werdhoelzli,2024-09-06,IAV-M,RESPV6,2,24761,1,2334.5034,3
ARA Werdhoelzli,2024-09-07,IAV-M,RESPV6,1,24118,0,-0,3
ARA Werdhoelzli,2024-09-07,IAV-M,RESPV6,2,25521,1,2264.9817,3
ARA Werdhoelzli,2024-09-08,IAV-M,RESPV6,1,24083,1,2400.227,3
ARA Werdhoelzli,2024-09-08,IAV-M,RESPV6,2,22560,1,2562.2673,3
ARA Werdhoelzli,2024-09-10,IAV-M,RESPV6,1,21037,0,-0,3
ARA Werdhoelzli,2024-09-10,IAV-M,RESPV6,2,21548,2,5365.338,3
ARA Werdhoelzli,2024-09-13,IAV-M,RESPV6,1,22961,2,5035.1455,3
ARA Werdhoelzli,2024-09-13,IAV-M,RESPV6,2,24394,2,4739.349,3
ARA Werdhoelzli,2024-09-14,IAV-M,RESPV6,1,21636,0,-0,3
ARA Werdhoelzli,2024-09-14,IAV-M,RESPV6,2,22430,2,5154.351,3
ARA Werdhoelzli,2024-09-15,IAV-M,RESPV6,1,22760,0,-0,3
ARA Werdhoelzli,2024-09-15,IAV-M,RESPV6,2,20522,0,-0,3
ARA Werdhoelzli,2024-09-18,IAV-M,RESPV6,1,23454,0,-0,3
ARA Werdhoelzli,2024-09-18,IAV-M,RESPV6,2,23233,2,4976.194,3
ARA Werdhoelzli,2024-09-20,IAV-M,RESPV6,1,24048,0,-0,3
ARA Werdhoelzli,2024-09-20,IAV-M,RESPV6,2,21759,0,-0,3
ARA Werdhoelzli,2024-09-21,IAV-M,RESPV6,1,24213,0,-0,3
ARA Werdhoelzli,2024-09-21,IAV-M,RESPV6,2,23715,0,-0,3
ARA Werdhoelzli,2024-09-22,IAV-M,RESPV6,1,22720,0,-0,3
ARA Werdhoelzli,2024-09-22,IAV-M,RESPV6,2,23971,1,2411.4421,3
ARA Werdhoelzli,2024-09-26,IAV-M,RESPV6,1,22824,0,-0,3
ARA Werdhoelzli,2024-09-26,IAV-M,RESPV6,2,23387,0,-0,3
ARA Werdhoelzli,2024-09-27,IAV-M,RESPV6,1,23820,0,-0,3
ARA Werdhoelzli,2024-09-27,IAV-M,RESPV6,2,20188,2,5726.8013,3
ARA Werdhoelzli,2024-09-28,IAV-M,RESPV6,1,21160,2,5463.724,3
ARA Werdhoelzli,2024-09-28,IAV-M,RESPV6,2,22194,0,-0,3
ARA Werdhoelzli,2024-09-29,IAV-M,RESPV6,1,20812,1,2777.4773,3
ARA Werdhoelzli,2024-09-29,IAV-M,RESPV6,2,22388,0,-0,3
ARA Werdhoelzli,2024-09-30,IAV-M,RESPV6,1,17901,1,3229.1538,3
ARA Werdhoelzli,2024-09-30,IAV-M,RESPV6,2,15896,1,3636.4675,3
ARA Werdhoelzli,2024-10-04,IAV-M,RESPV6,1,19647,0,-0,3
ARA Werdhoelzli,2024-10-04,IAV-M,RESPV6,2,19027,0,-0,3
ARA Werdhoelzli,2024-10-05,IAV-M,RESPV6,1,21660,1,2668.735,3
ARA Werdhoelzli,2024-10-06,IAV-M,RESPV6,1,21409,0,-0,3
ARA Werdhoelzli,2024-10-06,IAV-M,RESPV6,2,19264,0,-0,3
ARA Werdhoelzli,2024-10-08,IAV-M,RESPV6,1,24027,0,-0,3
ARA Werdhoelzli,2024-10-08,IAV-M,RESPV6,2,20743,1,2786.7166,3
ARA Werdhoelzli,2024-10-11,IAV-M,RESPV6,1,25856,2,4471.3574,3
ARA Werdhoelzli,2024-10-11,IAV-M,RESPV6,2,25277,1,2286.8462,3
ARA Werdhoelzli,2024-10-12,IAV-M,RESPV6,1,24357,0,-0,3
ARA Werdhoelzli,2024-10-12,IAV-M,RESPV6,2,25511,0,-0,3
ARA Werdhoelzli,2024-10-13,IAV-M,RESPV6,1,23538,1,2455.8032,3
ARA Werdhoelzli,2024-10-13,IAV-M,RESPV6,2,23114,0,-0,3
ARA Werdhoelzli,2024-10-16,IAV-M,RESPV6,1,26011,2,4444.7114,3
ARA Werdhoelzli,2024-10-16,IAV-M,RESPV6,2,24875,0,-0,3
ARA Werdhoelzli,2024-10-19,IAV-M,RESPV6,1,22164,0,-0,3
ARA Werdhoelzli,2024-10-19,IAV-M,RESPV6,2,24762,1,2334.409,3
ARA Werdhoelzli,2024-10-20,IAV-M,RESPV6,1,23909,1,2417.6953,3
ARA Werdhoelzli,2024-10-20,IAV-M,RESPV6,2,23090,0,-0,3
ARA Werdhoelzli,2024-10-24,IAV-M,RESPV6,1,25936,1,2228.7393,3
ARA Werdhoelzli,2024-10-24,IAV-M,RESPV6,2,24824,0,-0,3
ARA Werdhoelzli,2024-10-25,IAV-M,RESPV6,1,21893,0,-0,3
ARA Werdhoelzli,2024-10-25,IAV-M,RESPV6,2,24066,0,-0,3
ARA Werdhoelzli,2024-10-26,IAV-M,RESPV6,1,26296,2,4396.537,3
ARA Werdhoelzli,2024-10-26,IAV-M,RESPV6,2,24358,0,-0,3
ARA Werdhoelzli,2024-10-27,IAV-M,RESPV6,1,23414,0,-0,3
ARA Werdhoelzli,2024-10-27,IAV-M,RESPV6,2,26002,2,4446.2495,3
ARA Werdhoelzli,2024-10-28,IAV-M,RESPV6,1,22927,0,-0,3
ARA Werdhoelzli,2024-10-28,IAV-M,RESPV6,2,21294,1,2714.6062,3
ARA Werdhoelzli,2024-11-01,IAV-M,RESPV6,1,25774,1,2242.748,3
ARA Werdhoelzli,2024-11-01,IAV-M,RESPV6,2,25585,1,2259.316,3
ARA Werdhoelzli,2024-11-02,IAV-M,RESPV6,1,24179,0,-0,3
ARA Werdhoelzli,2024-11-02,IAV-M,RESPV6,2,24710,0,-0,3
ARA Werdhoelzli,2024-11-03,IAV-M,RESPV6,1,22805,0,-0,3
ARA Werdhoelzli,2024-11-03,IAV-M,RESPV6,2,21250,0,-0,3
ARA Werdhoelzli,2024-11-05,IAV-M,RESPV6,1,20157,1,2867.7334,3
ARA Werdhoelzli,2024-11-05,IAV-M,RESPV6,2,21503,2,5376.5664,3
ARA Werdhoelzli,2024-11-08,IAV-M,RESPV6,1,23346,4,9904.638,3
ARA Werdhoelzli,2024-11-08,IAV-M,RESPV6,2,25162,3,6892.1685,3
ARA Werdhoelzli,2024-11-09,IAV-M,RESPV6,1,19800,5,14598.679,3
ARA Werdhoelzli,2024-11-09,IAV-M,RESPV6,2,21497,5,13446.106,3
ARA Werdhoelzli,2024-11-10,IAV-M,RESPV6,1,22636,1,2553.6643,3
ARA Werdhoelzli,2024-11-10,IAV-M,RESPV6,2,19606,1,2948.3293,3
ARA Werdhoelzli,2024-11-13,IAV-M,RESPV6,1,17916,2,6453.0806,3
ARA Werdhoelzli,2024-11-13,IAV-M,RESPV6,2,18368,1,3147.0515,3
ARA Werdhoelzli,2024-11-15,IAV-M,RESPV6,1,25214,2,4585.212,3
ARA Werdhoelzli,2024-11-15,IAV-M,RESPV6,2,24219,5,11934.729,3
ARA Werdhoelzli,2024-11-16,IAV-M,RESPV6,1,23101,0,-0,3
ARA Werdhoelzli,2024-11-16,IAV-M,RESPV6,2,22349,2,5173.033,3
ARA Werdhoelzli,2024-11-17,IAV-M,RESPV6,1,24821,4,9316.003,3
ARA Werdhoelzli,2024-11-17,IAV-M,RESPV6,2,22856,2,5058.278,3
ARA Werdhoelzli,2024-11-21,IAV-M,RESPV6,1,23564,0,-0,3
ARA Werdhoelzli,2024-11-21,IAV-M,RESPV6,2,24437,0,-0,3
ARA Werdhoelzli,2024-11-22,IAV-M,RESPV6,1,23762,2,4865.4067,3
ARA Werdhoelzli,2024-11-22,IAV-M,RESPV6,2,25343,1,2280.8906,3
ARA Werdhoelzli,2024-11-23,IAV-M,RESPV6,1,25024,2,4620.0273,3
ARA Werdhoelzli,2024-11-23,IAV-M,RESPV6,2,24986,5,11568.329,3
ARA Werdhoelzli,2024-11-24,IAV-M,RESPV6,1,24296,2,4758.4663,3
ARA Werdhoelzli,2024-11-24,IAV-M,RESPV6,2,22755,1,2540.3093,3
ARA Werdhoelzli,2024-11-25,IAV-M,RESPV6,1,19180,2,6027.7876,3
ARA Werdhoelzli,2024-11-25,IAV-M,RESPV6,2,18534,2,6237.897,3
ARA Werdhoelzli,2024-11-29,IAV-M,RESPV6,1,21344,2,5416.621,3
ARA Werdhoelzli,2024-11-29,IAV-M,RESPV6,2,19060,2,6065.74,3
ARA Werdhoelzli,2024-11-30,IAV-M,RESPV6,1,18738,3,9255.219,3
ARA Werdhoelzli,2024-11-30,IAV-M,RESPV6,2,16759,3,10348.227,3
ARA Werdhoelzli,2024-12-01,IAV-M,RESPV6,1,18861,1,3064.79,3
ARA Werdhoelzli,2024-12-01,IAV-M,RESPV6,2,18865,4,12257.534,3
ARA Werdhoelzli,2024-12-03,IAV-M,RESPV6,1,19690,1,2935.751,3
ARA Werdhoelzli,2024-12-03,IAV-M,RESPV6,2,18538,1,3118.1912,3
ARA Werdhoelzli,2024-12-06,IAV-M,RESPV6,1,19851,1,2911.9402,3
ARA Werdhoelzli,2024-12-06,IAV-M,RESPV6,2,17430,0,-0,3
ARA Werdhoelzli,2024-12-07,IAV-M,RESPV6,1,17136,3,10120.541,3
ARA Werdhoelzli,2024-12-07,IAV-M,RESPV6,2,16361,1,3533.1113,3
ARA Werdhoelzli,2024-12-08,IAV-M,RESPV6,1,19537,1,2958.7422,3
ARA Werdhoelzli,2024-12-08,IAV-M,RESPV6,2,17642,1,3276.562,3
ARA Werdhoelzli,2024-12-11,IAV-M,RESPV6,1,20436,4,11315.155,3
ARA Werdhoelzli,2024-12-11,IAV-M,RESPV6,2,21497,4,10756.636,3
ARA Werdhoelzli,2024-12-13,IAV-M,RESPV6,1,19448,5,14862.942,3
ARA Werdhoelzli,2024-12-13,IAV-M,RESPV6,2,18886,2,6121.6274,3
ARA Werdhoelzli,2024-12-14,IAV-M,RESPV6,1,15692,1,3683.7441,3
ARA Werdhoelzli,2024-12-14,IAV-M,RESPV6,2,15491,4,14927.618,3
ARA Werdhoelzli,2024-12-15,IAV-M,RESPV6,1,17650,5,16377.241,3
ARA Werdhoelzli,2024-12-15,IAV-M,RESPV6,2,16765,6,20690.896,3
ARA Werdhoelzli,2024-12-19,IAV-M,RESPV6,1,23291,18,44689.566,3
ARA Werdhoelzli,2024-12-19,IAV-M,RESPV6,2,19913,15,43558.418,3
ARA Werdhoelzli,2024-12-20,IAV-M,RESPV6,1,19830,14,40823.72,3
ARA Werdhoelzli,2024-12-20,IAV-M,RESPV6,2,20109,14,40257.117,3
ARA Werdhoelzli,2024-12-21,IAV-M,RESPV6,1,17817,10,32451.982,3
ARA Werdhoelzli,2024-12-21,IAV-M,RESPV6,2,16906,14,47887.367,3
ARA Werdhoelzli,2024-12-22,IAV-M,RESPV6,1,17430,5,16583.982,3
ARA Werdhoelzli,2024-12-22,IAV-M,RESPV6,2,19864,3,8730.543,3
ARA Werdhoelzli,2024-12-23,IAV-M,RESPV6,1,15707,2,7360.686,3
ARA Werdhoelzli,2024-12-23,IAV-M,RESPV6,2,16774,1,3446.1184,3
ARA Werdhoelzli,2024-12-27,IAV-M,RESPV6,1,25105,33,76031.445,3
ARA Werdhoelzli,2024-12-27,IAV-M,RESPV6,2,25690,37,83311.41,3
ARA Werdhoelzli,2024-12-28,IAV-M,RESPV6,1,16047,18,64874.832,3
ARA Werdhoelzli,2025-01-01,IAV-M,RESPV6,1,17422,21,69716.74,3
ARA Werdhoelzli,2025-01-01,IAV-M,RESPV6,2,17801,24,77985.46,3
ARA Werdhoelzli,2025-01-03,IAV-M,RESPV6,1,15855,18,65660.9,3
ARA Werdhoelzli,2025-01-03,IAV-M,RESPV6,2,19342,21,62792.49,3
ARA Werdhoelzli,2025-01-04,IAV-M,RESPV6,1,15000,17,65547.75,3
ARA Werdhoelzli,2025-01-04,IAV-M,RESPV6,2,15352,26,97978.39,3
ARA Werdhoelzli,2025-01-05,IAV-M,RESPV6,1,16581,9,31383.658,3
ARA Werdhoelzli,2025-01-05,IAV-M,RESPV6,2,17098,6,20287.852,3
ARA Werdhoelzli,2025-01-09,IAV-M,RESPV6,1,17700,14,45738.348,3
ARA Werdhoelzli,2025-01-09,IAV-M,RESPV6,2,16827,8,27487.83,3
ARA Werdhoelzli,2025-01-10,IAV-M,RESPV6,1,19388,26,77568.54,3
ARA Werdhoelzli,2025-01-10,IAV-M,RESPV6,2,19624,21,61889.664,3
ARA Werdhoelzli,2025-01-11,IAV-M,RESPV6,1,15489,17,63477.215,3
ARA Werdhoelzli,2025-01-12,IAV-M,RESPV6,1,15604,33,122374.68,3
ARA Werdhoelzli,2025-01-12,IAV-M,RESPV6,2,15647,40,147958.02,3
ARA Werdhoelzli,2025-01-13,IAV-M,RESPV6,1,19982,26,75261.17,3
ARA Werdhoelzli,2025-01-13,IAV-M,RESPV6,2,20948,25,69025.67,3
ARA Werdhoelzli,2025-01-17,IAV-M,RESPV6,1,22575,22,56358.645,3
ARA Werdhoelzli,2025-01-17,IAV-M,RESPV6,2,24810,27,62940.086,3
ARA Werdhoelzli,2025-01-18,IAV-M,RESPV6,1,23135,28,70001.19,3
ARA Werdhoelzli,2025-01-18,IAV-M,RESPV6,2,23184,29,72349.46,3
ARA Werdhoelzli,2025-01-19,IAV-M,RESPV6,1,23672,52,127115.87,3
ARA Werdhoelzli,2025-01-19,IAV-M,RESPV6,2,20728,38,106066.56,3
ARA Werdhoelzli,2025-01-21,IAV-M,RESPV6,1,18977,31,94502.44,3
ARA Werdhoelzli,2025-01-21,IAV-M,RESPV6,2,18168,34,108276.04,3
ARA Werdhoelzli,2025-01-24,IAV-M,RESPV6,1,21279,51,138705.55,3
ARA Werdhoelzli,2025-01-24,IAV-M,RESPV6,2,22343,49,126906.88,3
ARA Werdhoelzli,2025-01-25,IAV-M,RESPV6,1,17670,34,111330.57,3
ARA Werdhoelzli,2025-01-25,IAV-M,RESPV6,2,16550,23,80386.98,3
ARA Werdhoelzli,2025-01-26,IAV-M,RESPV6,1,20873,54,149735.64,3
ARA Werdhoelzli,2025-01-26,IAV-M,RESPV6,2,18192,37,117683.94,3
ARA Werdhoelzli,2025-01-29,IAV-M,RESPV6,1,17984,11,35366.586,3
ARA Werdhoelzli,2025-01-31,IAV-M,RESPV6,1,17057,16,54246.91,3
ARA Werdhoelzli,2025-02-01,IAV-M,RESPV6,1,17988,30,96483.87,3
ARA Werdhoelzli,2025-02-01,IAV-M,RESPV6,2,15469,18,67300.3,3
ARA Werdhoelzli,2025-02-02,IAV-M,RESPV6,1,17226,28,94033.086,3
ARA Werdhoelzli,2025-02-02,IAV-M,RESPV6,2,16648,40,139051,3
ARA Werdhoelzli,2025-02-06,IAV-M,RESPV6,1,22068,35,91749.48,3
ARA Werdhoelzli,2025-02-06,IAV-M,RESPV6,2,22377,33,85307.34,3
ARA Werdhoelzli,2025-02-07,IAV-M,RESPV6,1,22209,27,70315.77,3
ARA Werdhoelzli,2025-02-07,IAV-M,RESPV6,2,21430,26,70172.77,3
ARA Werdhoelzli,2025-02-08,IAV-M,RESPV6,1,20076,31,89325.19,3
ARA Werdhoelzli,2025-02-08,IAV-M,RESPV6,2,17820,22,71406.4,3
ARA Werdhoelzli,2025-02-09,IAV-M,RESPV6,1,16146,22,78814.78,3
ARA Werdhoelzli,2025-02-09,IAV-M,RESPV6,2,19628,31,91365.6,3
ARA Werdhoelzli,2025-02-10,IAV-M,RESPV6,1,20329,17,48358.016,3
ARA Werdhoelzli,2025-02-10,IAV-M,RESPV6,2,25917,37,82581.18,3
ARA Werdhoelzli,2025-02-14,IAV-M,RESPV6,1,21085,22,60343.38,3
ARA Werdhoelzli,2025-02-14,IAV-M,RESPV6,2,26095,22,48753.12,3
ARA Werdhoelzli,2025-02-15,IAV-M,RESPV6,1,21842,6,15880.802,3
ARA Werdhoelzli,2025-02-15,IAV-M,RESPV6,2,24518,8,18863.822,3
ARA Werdhoelzli,2025-02-16,IAV-M,RESPV6,1,21112,19,52044.35,3
ARA Werdhoelzli,2025-02-16,IAV-M,RESPV6,2,20657,31,86810.93,3
ARA Werdhoelzli,2025-02-18,IAV-M,RESPV6,1,15982,14,50657.19,3
ARA Werdhoelzli,2025-02-21,IAV-M,RESPV6,1,18933,12,36648.26,3
ARA Werdhoelzli,2025-02-21,IAV-M,RESPV6,2,17398,17,56508.758,3
ARA Werdhoelzli,2025-02-22,IAV-M,RESPV6,1,15991,18,65102.15,3
ARA Werdhoelzli,2025-02-22,IAV-M,RESPV6,2,18024,17,54545.2,3
ARA Werdhoelzli,2025-02-23,IAV-M,RESPV6,1,16837,14,48083.695,3
ARA Werdhoelzli,2025-02-23,IAV-M,RESPV6,2,19058,17,51584.504,3
ARA Werdhoelzli,2025-02-26,IAV-M,RESPV6,1,21401,13,35123.285,3
ARA Werdhoelzli,2025-02-26,IAV-M,RESPV6,2,19886,7,20350.775,3
ARA Werdhoelzli,2025-02-28,IAV-M,RESPV6,1,22694,73,186236.64,3
ARA Werdhoelzli,2025-02-28,IAV-M,RESPV6,2,21320,54,146592.27,3
ARA Werdhoelzli,2025-03-01,IAV-M,RESPV6,1,20281,51,145539.66,3
ARA Werdhoelzli,2025-03-01,IAV-M,RESPV6,2,18210,38,120748.31,3
ARA Werdhoelzli,2025-03-02,IAV-M,RESPV6,1,17742,18,58673.8,3
ARA Werdhoelzli,2025-03-02,IAV-M,RESPV6,2,17768,16,52075.203,3
ARA Werdhoelzli,2025-03-06,IAV-M,RESPV6,1,18482,19,59454.105,3
ARA Werdhoelzli,2025-03-06,IAV-M,RESPV6,2,16757,13,44861.06,3
ARA Werdhoelzli,2025-03-07,IAV-M,RESPV6,1,17541,12,39557.55,3
ARA Werdhoelzli,2025-03-07,IAV-M,RESPV6,2,18134,10,31884.535,3
ARA Werdhoelzli,2025-03-08,IAV-M,RESPV6,1,16270,13,46204.395,3
ARA Werdhoelzli,2025-03-08,IAV-M,RESPV6,2,17493,12,39666.13,3
ARA Werdhoelzli,2025-03-09,IAV-M,RESPV6,1,18159,9,28655.773,3
ARA Werdhoelzli,2025-03-09,IAV-M,RESPV6,2,17867,6,19414.51,3
ARA Werdhoelzli,2025-03-10,IAV-M,RESPV6,1,15946,3,10875.877,3
ARA Werdhoelzli,2025-03-10,IAV-M,RESPV6,2,15778,5,18320.646,3
ARA Werdhoelzli,2025-03-14,IAV-M,RESPV6,1,17096,7,23672.623,3
ARA Werdhoelzli,2025-03-14,IAV-M,RESPV6,2,16547,10,34943.457,3
ARA Werdhoelzli,2025-03-15,IAV-M,RESPV6,1,18055,11,35227.47,3
ARA Werdhoelzli,2025-03-16,IAV-M,RESPV6,1,17405,10,33220.387,3
ARA Werdhoelzli,2025-03-16,IAV-M,RESPV6,2,19773,14,40941.445,3
ARA Werdhoelzli,2025-03-18,IAV-M,RESPV6,1,19909,8,23231.738,3
ARA Werdhoelzli,2025-03-18,IAV-M,RESPV6,2,20435,8,22633.633,3
ARA Werdhoelzli,2025-03-21,IAV-M,RESPV6,1,20576,5,14048.039,3
ARA Werdhoelzli,2025-03-21,IAV-M,RESPV6,2,24190,8,19119.646,3
ARA Werdhoelzli,2025-03-22,IAV-M,RESPV6,1,18604,8,24861.709,3
ARA Werdhoelzli,2025-03-22,IAV-M,RESPV6,2,20970,4,11026.987,3
ARA Werdhoelzli,2025-03-23,IAV-M,RESPV6,1,19732,5,14648.995,3
ARA Werdhoelzli,2025-03-23,IAV-M,RESPV6,2,21487,9,24216.512,3
ARA Werdhoelzli,2025-03-26,IAV-M,RESPV6,1,22392,6,15490.68,3
ARA Werdhoelzli,2025-03-26,IAV-M,RESPV6,2,25034,6,13855.651,3
ARA Werdhoelzli,2025-03-28,IAV-M,RESPV6,1,25141,11,25296.42,3
ARA Werdhoelzli,2025-03-28,IAV-M,RESPV6,2,24893,4,9289.056,3
ARA Werdhoelzli,2025-03-29,IAV-M,RESPV6,1,25770,5,11216.352,3
ARA Werdhoelzli,2025-03-29,IAV-M,RESPV6,2,24068,2,4803.546,3
ARA Werdhoelzli,2025-03-30,IAV-M,RESPV6,1,23339,7,17339.43,3
ARA Werdhoelzli,2025-03-30,IAV-M,RESPV6,2,24652,9,21106.855,3
ARA Werdhoelzli,2025-04-03,IAV-M,RESPV6,1,17574,6,19738.25,3
ARA Werdhoelzli,2025-04-03,IAV-M,RESPV6,2,22753,3,7621.933,3
ARA Werdhoelzli,2025-04-04,IAV-M,RESPV6,1,24445,1,2364.682,3
ARA Werdhoelzli,2025-04-04,IAV-M,RESPV6,2,24534,4,9424.991,3
ARA Werdhoelzli,2025-04-05,IAV-M,RESPV6,1,23336,0,-0,3
ARA Werdhoelzli,2025-04-05,IAV-M,RESPV6,2,23005,2,5025.5146,3
ARA Werdhoelzli,2025-04-06,IAV-M,RESPV6,1,19390,2,5962.5015,3
ARA Werdhoelzli,2025-04-06,IAV-M,RESPV6,2,22130,2,5224.228,3
ARA Werdhoelzli,2025-04-07,IAV-M,RESPV6,1,22686,3,7644.445,3
ARA Werdhoelzli,2025-04-07,IAV-M,RESPV6,2,22723,2,5087.8857,3
ARA Werdhoelzli,2025-04-11,IAV-M,RESPV6,1,25657,3,6759.1904,3
ARA Werdhoelzli,2025-04-12,IAV-M,RESPV6,1,23039,2,5018.098,3
ARA Werdhoelzli,2025-04-12,IAV-M,RESPV6,2,20766,2,5567.394,3
ARA Werdhoelzli,2025-04-13,IAV-M,RESPV6,1,20973,2,5512.442,3
ARA Werdhoelzli,2025-04-13,IAV-M,RESPV6,2,20250,3,8564.111,3
ARA Werdhoelzli,2025-04-15,IAV-M,RESPV6,1,21834,0,-0,3
ARA Werdhoelzli,2025-04-15,IAV-M,RESPV6,2,20357,3,8519.094,3
ARA Werdhoelzli,2025-04-18,IAV-M,RESPV6,1,25756,0,-0,3
ARA Werdhoelzli,2025-04-18,IAV-M,RESPV6,2,23267,3,7453.5435,3
ARA Werdhoelzli,2025-04-19,IAV-M,RESPV6,1,24632,0,-0,3
ARA Werdhoelzli,2025-04-19,IAV-M,RESPV6,2,24928,4,9276.012,3
ARA Werdhoelzli,2025-04-20,IAV-M,RESPV6,1,24582,1,2351.503,3
ARA Werdhoelzli,2025-04-20,IAV-M,RESPV6,2,24718,1,2338.5647,3
ARA Werdhoelzli,2025-04-23,IAV-M,RESPV6,1,22945,1,2519.2732,3
ARA Werdhoelzli,2025-04-23,IAV-M,RESPV6,2,24237,1,2384.976,3
ARA Werdhoelzli,2025-04-25,IAV-M,RESPV6,1,21025,0,-0,3
ARA Werdhoelzli,2025-04-25,IAV-M,RESPV6,2,22969,0,-0,3
ARA Werdhoelzli,2025-04-26,IAV-M,RESPV6,1,23387,0,-0,3
ARA Werdhoelzli,2025-04-26,IAV-M,RESPV6,2,22192,1,2604.757,3
ARA Werdhoelzli,2025-04-27,IAV-M,RESPV6,1,21729,2,5320.6436,3
ARA Werdhoelzli,2025-04-27,IAV-M,RESPV6,2,21091,1,2740.7349,3
ARA Werdhoelzli,2025-05-01,IAV-M,RESPV6,1,25484,0,-0,3
ARA Werdhoelzli,2025-05-01,IAV-M,RESPV6,2,23371,0,-0,3
ARA Werdhoelzli,2025-05-02,IAV-M,RESPV6,1,26493,0,-0,3
ARA Werdhoelzli,2025-05-02,IAV-M,RESPV6,2,26216,0,-0,3
ARA Werdhoelzli,2025-05-03,IAV-M,RESPV6,1,24284,0,-0,3
ARA Werdhoelzli,2025-05-03,IAV-M,RESPV6,2,24095,0,-0,3
ARA Werdhoelzli,2025-05-04,IAV-M,RESPV6,1,23455,1,2464.4937,3
ARA Werdhoelzli,2025-05-04,IAV-M,RESPV6,2,13849,0,-0,3
ARA Werdhoelzli,2025-05-05,IAV-M,RESPV6,1,19343,0,-0,3
ARA Werdhoelzli,2025-05-05,IAV-M,RESPV6,2,20349,0,-0,3
ARA Werdhoelzli,2025-05-09,IAV-M,RESPV6,1,17451,0,-0,3
ARA Werdhoelzli,2025-05-09,IAV-M,RESPV6,2,15982,1,3616.899,3
ARA Werdhoelzli,2025-05-10,IAV-M,RESPV6,1,16499,1,3503.559,3
ARA Werdhoelzli,2025-05-10,IAV-M,RESPV6,2,15089,1,3830.962,3
ARA Werdhoelzli,2025-05-11,IAV-M,RESPV6,1,20859,2,5542.571,3
ARA Werdhoelzli,2025-05-11,IAV-M,RESPV6,2,20831,0,-0,3
ARA Werdhoelzli,2025-05-13,IAV-M,RESPV6,1,23825,0,-0,3
ARA Werdhoelzli,2025-05-13,IAV-M,RESPV6,2,21876,2,5284.8887,3
ARA Werdhoelzli,2025-05-16,IAV-M,RESPV6,1,21357,3,8120.176,3
ARA Werdhoelzli,2025-05-16,IAV-M,RESPV6,2,21761,1,2656.3484,3
ARA Werdhoelzli,2025-05-17,IAV-M,RESPV6,1,20545,0,-0,3
ARA Werdhoelzli,2025-05-17,IAV-M,RESPV6,2,20737,2,5575.18,3
ARA Werdhoelzli,2025-05-18,IAV-M,RESPV6,1,20139,0,-0,3
ARA Werdhoelzli,2025-05-18,IAV-M,RESPV6,2,20632,2,5603.5547,3
ARA Werdhoelzli,2025-05-21,IAV-M,RESPV6,1,25648,0,-0,3
ARA Werdhoelzli,2025-05-21,IAV-M,RESPV6,2,23010,1,2512.1567,3
ARA Werdhoelzli,2025-05-23,IAV-M,RESPV6,1,24858,0,-0,3
ARA Werdhoelzli,2025-05-23,IAV-M,RESPV6,2,25432,0,-0,3
ARA Werdhoelzli,2025-05-24,IAV-M,RESPV6,1,22907,0,-0,3
ARA Werdhoelzli,2025-05-24,IAV-M,RESPV6,2,22837,0,-0,3
ARA Werdhoelzli,2025-05-25,IAV-M,RESPV6,1,23088,0,-0,3
ARA Werdhoelzli,2025-05-25,IAV-M,RESPV6,2,20942,0,-0,3
ARA Werdhoelzli,2025-05-29,IAV-M,RESPV6,1,22860,1,2528.6409,3
ARA Werdhoelzli,2025-05-29,IAV-M,RESPV6,2,21170,0,-0,3
ARA Werdhoelzli,2025-05-30,IAV-M,RESPV6,1,23062,0,-0,3
ARA Werdhoelzli,2025-05-30,IAV-M,RESPV6,2,26251,1,2201.995,3
ARA Werdhoelzli,2025-05-31,IAV-M,RESPV6,1,20244,0,-0,3
ARA Werdhoelzli,2025-05-31,IAV-M,RESPV6,2,20625,1,2802.6604,3
ARA Werdhoelzli,2025-06-01,IAV-M,RESPV6,1,24498,1,2359.5662,3
ARA Werdhoelzli,2025-06-02,IAV-M,RESPV6,1,23703,0,-0,3
ARA Werdhoelzli,2025-06-02,IAV-M,RESPV6,2,23346,1,2476.0005,3
ARA Werdhoelzli,2025-06-06,IAV-M,RESPV6,1,24643,0,-0,3
ARA Werdhoelzli,2025-06-06,IAV-M,RESPV6,2,25155,0,-0,3
ARA Werdhoelzli,2025-06-07,IAV-M,RESPV6,1,23766,0,-0,3
ARA Werdhoelzli,2025-06-07,IAV-M,RESPV6,2,24592,0,-0,3
ARA Werdhoelzli,2025-06-08,IAV-M,RESPV6,1,24895,0,-0,3
ARA Werdhoelzli,2025-06-08,IAV-M,RESPV6,2,24865,0,-0,3
ARA Werdhoelzli,2025-06-10,IAV-M,RESPV6,1,19578,0,-0,3
ARA Werdhoelzli,2025-06-10,IAV-M,RESPV6,2,23745,0,-0,3
ARA Werdhoelzli,2025-06-13,IAV-M,RESPV6,1,25645,0,-0,3
ARA Werdhoelzli,2025-06-13,IAV-M,RESPV6,2,24850,1,2326.142,3
ARA Werdhoelzli,2025-06-14,IAV-M,RESPV6,1,26638,0,-0,3
ARA Werdhoelzli,2025-06-14,IAV-M,RESPV6,2,23278,1,2483.2336,3
ARA Werdhoelzli,2025-06-15,IAV-M,RESPV6,1,19898,0,-0,3
ARA Werdhoelzli,2025-06-15,IAV-M,RESPV6,2,24770,0,-0,3
ARA Werdhoelzli,2025-06-18,IAV-M,RESPV6,1,24865,1,2324.739,3
ARA Werdhoelzli,2025-06-18,IAV-M,RESPV6,2,20226,1,2857.95,3
ARA Werdhoelzli,2025-06-20,IAV-M,RESPV6,1,22419,0,-0,3
ARA Werdhoelzli,2025-06-20,IAV-M,RESPV6,2,25159,0,-0,3
ARA Werdhoelzli,2025-06-21,IAV-M,RESPV6,1,17863,0,-0,3
ARA Werdhoelzli,2025-06-21,IAV-M,RESPV6,2,19090,0,-0,3
ARA Werdhoelzli,2025-06-22,IAV-M,RESPV6,1,24491,0,-0,3
ARA Werdhoelzli,2025-06-22,IAV-M,RESPV6,2,22028,0,-0,3
ARA Werdhoelzli,2025-06-26,IAV-M,RESPV6,1,22653,0,-0,3
ARA Werdhoelzli,2025-06-26,IAV-M,RESPV6,2,21001,0,-0,3
ARA Werdhoelzli,2025-06-27,IAV-M,RESPV6,1,22217,1,2601.8262,3
ARA Werdhoelzli,2025-06-27,IAV-M,RESPV6,2,24809,0,-0,3
ARA Werdhoelzli,2025-06-28,IAV-M,RESPV6,1,22990,2,5028.7935,3
ARA Werdhoelzli,2025-06-28,IAV-M,RESPV6,2,19502,0,-0,3
ARA Werdhoelzli,2025-06-29,IAV-M,RESPV6,1,17560,0,-0,3
ARA Werdhoelzli,2025-06-30,IAV-M,RESPV6,1,24966,0,-0,3
ARA Werdhoelzli,2025-06-30,IAV-M,RESPV6,2,25592,0,-0,3
ARA Werdhoelzli,2025-07-04,IAV-M,RESPV6,1,24938,2,4635.96,3
ARA Werdhoelzli,2025-07-04,IAV-M,RESPV6,2,24185,0,-0,3
ARA Werdhoelzli,2025-07-05,IAV-M,RESPV6,1,24002,3,7225.283,3
ARA Werdhoelzli,2025-07-05,IAV-M,RESPV6,2,18016,1,3208.541,3
ARA Werdhoelzli,2025-07-06,IAV-M,RESPV6,1,24000,0,-0,3
ARA Werdhoelzli,2025-07-06,IAV-M,RESPV6,2,24699,0,-0,3
ARA Werdhoelzli,2025-07-08,IAV-M,RESPV6,1,24928,0,-0,3
ARA Werdhoelzli,2025-07-08,IAV-M,RESPV6,2,25271,0,-0,3
ARA Werdhoelzli,2025-07-11,IAV-M,RESPV6,1,22164,1,2608.0479,3
ARA Werdhoelzli,2025-07-11,IAV-M,RESPV6,2,23261,0,-0,3
ARA Werdhoelzli,2025-07-12,IAV-M,RESPV6,1,25343,0,-0,3
ARA Werdhoelzli,2025-07-12,IAV-M,RESPV6,2,23171,1,2494.701,3
ARA Werdhoelzli,2025-07-13,IAV-M,RESPV6,1,21128,0,-0,3
ARA Werdhoelzli,2025-07-13,IAV-M,RESPV6,2,19022,0,-0,3
ARA Werdhoelzli,2025-07-28,IAV-M,RESPV6,1,26384,0,-0,3
ARA Werdhoelzli,2025-07-28,IAV-M,RESPV6,2,25915,0,-0,3
ARA Werdhoelzli,2025-08-01,IAV-M,RESPV6,1,23673,0,-0,3
ARA Werdhoelzli,2025-08-01,IAV-M,RESPV6,2,19858,0,-0,3
ARA Werdhoelzli,2025-08-02,IAV-M,RESPV6,1,24318,0,-0,3
ARA Werdhoelzli,2025-08-02,IAV-M,RESPV6,2,20363,0,-0,3
ARA Werdhoelzli,2025-08-03,IAV-M,RESPV6,1,23250,0,-0,3
ARA Werdhoelzli,2025-08-03,IAV-M,RESPV6,2,20421,0,-0,3
ARA Werdhoelzli,2025-08-05,IAV-M,RESPV6,1,21511,0,-0,3
ARA Werdhoelzli,2025-08-05,IAV-M,RESPV6,2,25315,0,-0,3
ARA Werdhoelzli,2025-08-08,IAV-M,RESPV6,1,23640,0,-0,3
ARA Werdhoelzli,2025-08-08,IAV-M,RESPV6,2,22784,0,-0,3
ARA Werdhoelzli,2025-08-09,IAV-M,RESPV6,1,25627,0,-0,3
ARA Werdhoelzli,2025-08-09,IAV-M,RESPV6,2,22639,0,-0,3
ARA Werdhoelzli,2025-08-10,IAV-M,RESPV6,1,23591,0,-0,3
ARA Werdhoelzli,2025-08-10,IAV-M,RESPV6,2,23312,0,-0,3
